Country,Year,Location,Acanthuridae,Aulostomidae,Balistidae,Carangidae,Carcarhinidae,Chaetodontidae,Diodontidae,Fistularidae,Ginglymostomatidae,Haemulidae,Holocentridae,Labridae,Lethrinidae,Lutjanidae,Mullidae,Muraenidae,Others,Pempheridae,Penguipedidae,Pomacanthidae,Pomacentridae,Scaridae,Scombridae,Scorpaenidae,Serranidae,Siganidae,Sphyraenidae,Total biomass,Area,Closure age,LAT,LONG,Exposure,depth,Management,Year of closure,Coral.cover,Algae,Soft.coral,Depth,Park,Park_ID,Atoll,Sampling method,Sampling area,Habitat
Comoros,2011,Mayindrini,209.3,0,12.29,0,0,37.09,0,7.73,0,0,43.23,51.89,0,1.33,4.4,0,13.14,0,0.68,12.57,94.76,14.15,0,0,8.04,0,0,510.6,3.3,1,-12.1597,44.2034,Exposed,9,Low compliance and young closure,2010,12.4,12.4,0,9,Mayindrini,14,0,Belt transect,500,Slope
Kenya,2013,Bamburi Wreck,352.1563268,1.942865378,31.32052406,1.010899332,0,14.83447103,0,0,0,8.304187329,106.369688,120.6627245,3.030347796,9.134554925,3.149990569,0,1.660404447,0,0,10.32208954,21.54254241,36.3230108,0,0,17.36222274,0,0,739.1268498,6,22,-3.99,39.75,Exposed,7.5,High compliance closure,1991,,,,,Mombasa,4,0,Belt transect,500,Slope
Kenya,2012,Bureni,4.578883074,0,0,0,0,5.562926635,0,0,0,0,0,18.19909293,1.35277922,17.79972501,0,0,1.284363865,0,0,0,0,1.151727676,0,0.748609932,0,0,0,50.67810835,0.52,2,-3.83410639,39.82635962,Sheltered,1,Low compliance and young closure,2010,,,,,Bureni,16,0,Belt transect,500,Lagoon/Back reef
Kenya,2014,Bureni,76.59299518,0,0,0,0,4.635772196,0,0,0,0,0,41.59261567,0,0,2.197951516,0,2.34164691,0,0,0,9.673053282,2.263683015,0,0,0,0.934589017,0,140.2323068,0.52,4,-3.9,39.81,Sheltered,1.5,Low compliance and young closure,2010,25.3,6.1,2.9,1.5,Bureni,16,0,Belt transect,500,Lagoon/Back reef
Kenya,2012,Changai,31.79425901,7.771461513,0,0,0,22.72250929,0,0,0,15.76298663,0,34.26285189,0,2.840257102,0.549487879,0,45.30745577,0,0.338742012,3.945566239,68.37010752,13.8155288,0,0,0.803694452,6.542123119,0,254.8270312,0.11,0,-4.64481,39.36544,Sheltered,1,Low compliance and young closure,2012,43.9,0.7,10.7,1,Changai,17,0,Belt transect,500,Lagoon/Back reef
Kenya,2014,Changai,6.633390128,0,1.767604006,0,0,13.62235019,0,0,0,3.114459035,0.918527525,10.70948334,0.67638961,4.067824344,0.549487879,0,7.277350028,0,0.338742012,1.442864504,36.45725201,4.581525121,0,0,0.803694452,0,0,92.96094418,0.11,2,-4.64,39.37,Sheltered,,Low compliance and young closure,,,,,,Changai,17,0,Belt transect,500,Lagoon/Back reef
Kenya,2008,Coral garden(Kiunga),259.58,0,0,0,0,2.01,5.415,0,0,19.725,9.255,45.82,0,124.975,34.16,0,4.515,17.73,0,2.83,67.32,64.045,0,0,0,17.925,0,675.305,2,7,-2.0439,41.2412,Sheltered,2,Low compliance and young closure,2001,28.4,8.5,0.7,2,Mkokoni,18,0,Belt transect,500,Lagoon/Back reef
Kenya,2009,Kasa,886.9587037,48.87574081,18.3222258,0,0,16.84571415,0,0,0,6.22891807,3.6741101,46.37656663,0,5.680514203,18.89994341,6.631702849,114.6683831,0,0,39.06306978,39.82492434,166.0485611,0,0,64.35557229,0,0,1482.45465,6,18,-4.12,39.76,Exposed,8,High compliance closure,1991,,,,,Mombasa,4,0,Belt transect,500,Slope
Kenya,2012,Kibuyuni,21.72071624,0.132280653,0,0,0,31.7586523,11.92047422,0,0,3.114459035,4.592637625,40.71145111,0.67638961,0,0,0,10.86832252,4.749227438,0,5.023252387,77.49742579,10.22084649,0,0,0,0,1.417200095,224.4033355,0.28,2,-4.6412,39.3429,Sheltered,1.5,Low compliance and young closure,2010,,,,,Kibuyuni,19,0,Belt transect,500,Lagoon/Back reef
Kenya,2011,Kibuyuni B,14.32018538,0,0,0,0,12.98016215,0,0,0,16.76935773,0,31.19443828,3.030347796,12.66079504,0,0,36.56150868,0,0,0,83.67743206,10.7636412,0,0,10.81285654,0,0,232.7707249,0.28,1,-4.6412,39.3429,Sheltered,1.5,Low compliance and young closure,2010,46.5,0,15,1.5,Kibuyuni,19,0,Belt transect,500,Lagoon/Back reef
Kenya,2010,Kibuyuni East,3.54,0,0,0,0,24.95,0,0,0,43.025,16.69,6.94,0,0,0.045,0,6.54,0,0,0.045,45.37,11.59,0,0,0,3.23,0,161.965,0.28,0,-4.641,39.343,Sheltered,1.5,Low compliance and young closure,2010,30.4,25.4,18.5,1.5,Kibuyuni,19,0,Belt transect,500,Lagoon/Back reef
Kenya,2014,Kibuyuni East,160.3672367,0,1.767604006,0,0,66.09505347,0,0,0,291.3222779,0,72.89572908,16.17972884,9.36321593,0,0,45.32450462,0,0,18.85738715,98.52183899,189.4874088,0,0,7.353060654,0,0,977.5350461,0.28,4,-4.64,39.33,Sheltered,,High compliance closure,2010,,,,,Kibuyuni,3,0,Belt transect,500,Lagoon/Back reef
Kenya,2010,Kibuyuni West,4.12,0,0,0,0,9.715,0,0,0,25.685,4.595,13.175,0,23.95,0,0,10.725,2.595,0,0,50.555,6.13,0,0,4.48,26.165,0,181.89,0.28,0,-4.6438,39.3342,Sheltered,1.5,Low compliance and young closure,2010,,,,,Kibuyuni,19,0,Belt transect,500,Lagoon/Back reef
Kenya,2014,Kibuyuni West,197.8901166,0,3.535208012,0,0,87.69675605,0,0,0,245.6307755,0,25.5759268,0,3.682701727,1.098975758,0,5.28398777,0,0,10.41508513,64.84528311,96.86151991,0,0,8.960449559,8.098639032,0,759.575425,0.28,4,-4.64,39.34,Sheltered,,High compliance closure,2010,,,,,Kibuyuni,3,0,Belt transect,500,Lagoon/Back reef
Kenya,1995,Kisite,133.78,0.82,19.71,18.71,0,15.84,0,6.73,0,66.32,14.6,34.06,4.65,118.31,4.57,0,14.41,0,0.43,12.57,69.61,122.04,0,0,23.95,3.39,0,684.49,28,22,-4.71,39.37,Sheltered,1.5,High compliance closure,1973,,,,,Kisite,6,0,Belt transect,500,Lagoon/Back reef
Kenya,2004,Kisite,260.14,2.52,31.92,57.48,0,39.08,3.47,20.67,0,105.17,44.85,50.03,7.37,187.61,21.19,0,44.26,0,1.32,7.14,51.08,339.49,0,0,73.56,29.97,0,1378.29,28,31,-4.71,39.37,Sheltered,1.5,High compliance closure,1973,32.7,10.6,4.3,1.5,Kisite,6,0,Belt transect,500,Lagoon/Back reef
Kenya,2006,Kisite,116.56,0.97,33.05,22.18,0,24.11,78.25,7.98,0,21.63,17.31,131.1,1.52,38.59,33.76,0,17.08,0,0.51,15.83,110.29,211.38,0,0,28.39,5.92,0,916.4,28,33,-4.71,39.37,Sheltered,1.5,High compliance closure,1973,44.9,16.8,3.3,1.5,Kisite,6,0,Belt transect,500,Lagoon/Back reef
Kenya,2009,Kisite,213.0725,8.145,14.8075,0,0,23.26,0,0,0,57.075,99.3925,134.0975,85.4625,220.17,34.6575,0,28.995,9.4475,0.1825,9.62,175.9775,346.6775,0,0,170.825,11.525,0,1643.39,28,36,-4.71,39.37,Sheltered,1.5,High compliance closure,1973,49.9,3.3,6,1.5,Kisite,6,0,Belt transect,500,Lagoon/Back reef
Kenya,2012,Kisite 1,200.2321726,30.73627094,27.89627306,0,0,20.63279903,0,45.1381875,0,39.44566738,67.81410053,97.1751675,14.82694962,172.94276,33.69785721,0,20.8307492,5.83655625,0.338742012,8.256310833,97.27209625,319.5367531,0,0,158.5828871,34.35590497,31.35632685,1426.904532,28,39,-4.71,39.37,Sheltered,1.5,High compliance closure,1973,50.5,6.2,5,1.5,Kisite,6,0,Belt transect,500,Lagoon/Back reef
Kenya,2012,Kisite 2,160.1848765,54.17801071,34.04368222,0,0,20.39739766,0,26.55646875,0,15.57229518,24.44175523,52.09639354,12.12139118,16.92581072,10.69588417,0,35.24255754,22.69771875,0.338742012,8.530194599,125.1930382,55.50819501,0,0.748609932,107.7728006,0,0,783.2458226,28,39,-4.71,39.37,Sheltered,1.5,High compliance closure,1973,43.5,5,3.5,1.5,Kisite,6,0,Belt transect,500,Lagoon/Back reef
Kenya,2013,Kisite Edge 1,198.67241,0.668396514,44.49248681,0,0,27.60481633,0,0,0,42.85409412,18.50491825,154.1035187,0,122.1310554,24.88363463,0,68.00889024,0,0,58.58950166,79.44442835,117.6639791,0,41.36168338,70.60876589,8.098639032,11.67522698,1089.366445,28,40,-4.71,39.37,Exposed,8,High compliance closure,1973,42.4,3.8,24.7,8,Kisite,6,0,Belt transect,500,Slope
Kenya,2013,Kisite Edge 2,105.3904633,4.310891655,25.39502893,0,0,11.12585327,0,0,0,0,6.004020851,47.41366413,3.030347796,24.40694606,5.290435909,0,9.513119948,0,0,17.49901323,83.24788709,84.36019606,0,0,0,0,0,426.9878682,28,40,-4.71,39.37,Exposed,5,High compliance closure,1973,,,,,Kisite,6,0,Belt transect,500,Slope
Kenya,2009,"Kitanga, Tradewinds tengefu",26.475,0,0,0,0,6.015,0,0,0,3.115,0,29.515,3.03,0,1.695,3.315,3.305,0,0,0,105.13,4.425,0,0.75,0,0.935,0,187.705,0.112,0,-4.3139,39.5829,Sheltered,1.5,Low compliance and young closure,2009,12.7,8.6,0.7,1.5,Mtangata,20,0,Belt transect,500,Lagoon/Back reef
Kenya,1988,Malindi,237.48,4.78,31.73,15.58,0,22.35,0,0.23,0,26.86,49.95,68.84,0.66,4.75,16.26,0,53.77,40.25,2.23,6.38,171.98,291.25,0,0.28,125.1,70.58,0,1241.27,6.3,20,-3.26,40.15,Sheltered,2,High compliance closure,1968,,,,,Malindi,1,0,Belt transect,500,Lagoon/Back reef
Kenya,1992,Malindi,196.23,4.34,22.33,14.16,0,20.66,2.84,0.21,0,132.64,45.4,55.18,3.25,23.44,14.78,0,48.88,36.59,2.02,7.73,68.9,184.4,0,0.25,113.72,64.16,0,1062.13,6.3,24,-3.26,40.15,Sheltered,2,High compliance closure,1968,20.4,14.5,4.4,2,Malindi,1,0,Belt transect,500,Lagoon/Back reef
Kenya,1993,Malindi,229.36,2.86,39.83,9.34,0,22.16,0.78,0.14,0,76.2,29.94,70.58,1.87,13.46,9.75,0,32.23,24.12,1.33,10.66,27,297.55,0,0.17,74.98,42.3,0,1016.63,6.3,25,-3.26,40.15,Sheltered,2,High compliance closure,1968,,,,,Malindi,1,0,Belt transect,500,Lagoon/Back reef
Kenya,1994,Malindi,552.34,10.02,127.54,32.68,0,31.28,0,0.49,0,64.83,104.78,108.78,1.59,11.45,11.12,0,112.8,84.44,4.67,19.37,69.06,347.13,0,0.58,262.45,53.45,0,2010.86,6.3,26,-3.26,40.15,Sheltered,2,High compliance closure,1968,,,,,Malindi,1,0,Belt transect,500,Lagoon/Back reef
Kenya,1995,Malindi,289.8,4.39,69.09,14.33,0,34.91,0,0.21,0,20.11,45.94,91.75,0.49,3.55,40.48,0,49.45,37.02,2.05,19.01,54.72,350.09,0,0.25,115.06,0,0,1242.71,6.3,27,-3.26,40.15,Sheltered,2,High compliance closure,1968,,,,,Malindi,1,0,Belt transect,500,Lagoon/Back reef
Kenya,1996,Malindi,275.37,1.63,35.99,5.32,0,41.39,0,0.08,0,25.03,17.07,64.97,0.61,4.42,7.45,0,18.38,13.75,0.76,11.76,81.06,336.02,0,0.09,42.75,30.34,0,1014.25,6.3,28,-3.26,40.15,Sheltered,2,High compliance closure,1968,43.1,21.7,2.1,2,Malindi,1,0,Belt transect,500,Lagoon/Back reef
Kenya,1997,Malindi,319.61,4.48,44.41,14.62,0,35.05,10.42,0.22,0,115.38,46.86,47.13,2.83,20.39,12.67,0,50.44,37.76,2.09,13.62,42.09,162.9,0,0.26,117.37,4.85,0,1105.44,6.3,29,-3.26,40.15,Sheltered,2,High compliance closure,1968,,,,,Malindi,1,0,Belt transect,500,Lagoon/Back reef
Kenya,1999,Malindi,548.17,4.76,49.16,15.52,0,32.96,8.76,0.23,0,127.23,49.75,33.03,3.12,22.48,2.44,0,53.56,40.09,2.22,6.11,20.64,197.25,0,0.28,124.61,9.59,0,1351.95,6.3,31,-3.26,40.15,Sheltered,2,High compliance closure,1968,,,,,Malindi,1,0,Belt transect,500,Lagoon/Back reef
Kenya,2000,Malindi,249.73,0.51,34.85,1.67,0,4.9,0,0.02,0,39.77,5.34,16.47,0.97,7.03,3.6,0,5.75,4.31,0.24,0.14,29.4,131.08,0,0.03,13.38,5.12,0,554.3,6.3,32,-3.26,40.15,Sheltered,2,High compliance closure,1968,,,,,Malindi,1,0,Belt transect,500,Lagoon/Back reef
Kenya,2001,Malindi,431.92,2.16,54.17,7.03,0,8.61,0,0.11,0,126.39,22.55,27.91,3.1,22.33,7.19,0,24.28,18.17,1.01,1.77,33.21,121.83,0,0.12,56.48,12.78,0,983.12,6.3,33,-3.26,40.15,Sheltered,2,High compliance closure,1968,,,,,Malindi,1,0,Belt transect,500,Lagoon/Back reef
Kenya,2002,Malindi,339.19,0.96,35.87,3.13,0,13.45,0,0.05,0,58.89,10.05,30.66,1.44,10.41,14.48,0,10.82,8.1,0.45,0.28,29.26,88.97,0,0.06,25.17,6.59,0,688.25,6.3,34,-3.26,40.15,Sheltered,2,High compliance closure,1968,,,,,Malindi,1,0,Belt transect,500,Lagoon/Back reef
Kenya,2004,Malindi,286.49,1.85,67.29,6.03,0,2.23,5.21,0.09,0,150.5,19.33,36.65,3.69,26.59,12.17,0,20.81,15.58,0.86,4.39,32.58,127.55,0,0.11,48.42,40.01,0,908.43,6.3,36,-3.26,40.15,Sheltered,2,High compliance closure,1968,,,,,Malindi,1,0,Belt transect,500,Lagoon/Back reef
Kenya,2005,Malindi,432.54,2.13,88.2,6.94,0,3.4,10.42,0.1,0,136.44,22.26,34.3,3.34,24.11,50.42,0,23.97,17.94,0.99,16.34,62.85,294.49,0,0.12,55.76,40,0,1327.05,6.3,37,-3.26,40.15,Sheltered,2,High compliance closure,1968,,,,,Malindi,1,0,Belt transect,500,Lagoon/Back reef
Kenya,2006,Malindi,357.66,0,89.47,0,0,2.32,87.8,0.32,0,220.84,20.59,50.43,6.74,29.09,6.1,0,34.98,3.24,1.73,4.5,58.94,85.04,0,0.37,18.33,48.71,0,1127.19,6.3,38,-3.26,40.15,Sheltered,2,High compliance closure,1968,22.4,36.8,4.4,2,Malindi,1,0,Belt transect,500,Lagoon/Back reef
Kenya,2007,Malindi,420.04,0,58.71,0,0,6.49,95.49,0,0,112.11,19.04,155.6,0,12.78,13.13,0,12.19,0,0.34,11.78,78.01,169.21,0,0,60.22,25.23,0,1250.36,6.3,39,-3.26,40.15,Sheltered,2,High compliance closure,1968,22.7,45.6,6.6,2,Malindi,1,0,Belt transect,500,Lagoon/Back reef
Kenya,2009,Malindi,371.08,6.71,5.64,21.89,0,4.64,0,0,0,144.29,31.01,104.14,4.73,42.36,4.25,0,27.85,53.18,1.02,20.02,149.65,51.3,0,0,100.42,25.03,0,1169.21,6.3,41,-3.26,40.15,Sheltered,2,High compliance closure,1968,24.4,9.1,2.4,2,Malindi,1,0,Belt transect,500,Lagoon/Back reef
Kenya,2011,Malindi,258.355,1.945,22.745,10.945,0,10.2,11.92,0,0,84.085,19.85,110.7,7.09,5.68,6.3,0,40.83,0,4.22,14.05,54.225,36.535,0,0.75,6.885,3.74,0,711.05,6.3,43,-3.26,40.15,Sheltered,2,High compliance closure,1968,27.2,33.2,1.8,2,Malindi,1,0,Belt transect,500,Lagoon/Back reef
Kenya,2013,Malindi,542.9920282,10.56464869,36.72763552,8.499312395,0,11.16257128,0,1.22285625,0,125.8204344,30.93863178,86.11946908,28.18597418,51.12462782,7.80150807,0,17.95120256,31.77680625,0.338742012,0,29.93567083,258.6696518,0,0,13.68569241,3.738356068,0,1297.25582,6.3,45,-3.26,40.15,Sheltered,2,High compliance closure,1968,24.2,24.8,2.4,2,Malindi,1,0,Belt transect,500,Lagoon/Back reef
Kenya,1991,Mombasa,31.71,2.51,4.68,0,0,2.23,5.03,0.16,0,10.92,55.66,30.1,0.4,0.83,3.2,3.14,22.14,8.77,1.87,6.29,37.91,11.73,0,0.53,15.51,32.16,0,287.49,6,0,-3.99,39.75,Sheltered,2,High compliance closure,1991,30.8,3,2.5,2,Mombasa,4,0,Belt transect,500,Lagoon/Back reef
Kenya,1992,Mombasa,62.32,4.38,14.82,0,0,6.81,7.01,0.28,0,44.38,97.07,32.32,1.62,3.37,5.58,5.48,38.61,15.3,3.27,10.34,82.5,28.89,0,0.92,27.05,56.08,0,548.4,6,1,-3.99,39.75,Sheltered,2,High compliance closure,1991,28.8,2.2,2,2,Mombasa,4,0,Belt transect,500,Lagoon/Back reef
Kenya,1993,Mombasa,42.1,4.25,1.68,0,0,11.37,1.71,0.28,0,129.68,94.26,29.27,4.74,9.83,5.42,5.32,37.49,14.86,3.17,22.75,17.29,33.97,0,0.9,26.27,54.45,0,551.06,6,2,-3.99,39.75,Sheltered,2,High compliance closure,1991,42.2,3.8,4.6,2,Mombasa,4,0,Belt transect,500,Lagoon/Back reef
Kenya,1994,Mombasa,103.64,10.18,21.82,0,0,18.96,5.21,0.66,0,107.56,225.63,73.14,3.94,8.16,20.51,12.74,89.74,35.57,7.6,34.58,153.51,129.23,0,2.15,62.88,13.28,0,1140.67,6,3,-3.99,39.75,Sheltered,2,High compliance closure,1991,,,,,Mombasa,4,0,Belt transect,500,Lagoon/Back reef
Kenya,1995,Mombasa,56.43,1.73,0,0,0,12.18,0,0.11,0,43.42,38.29,35.99,1.59,3.29,9.11,2.16,15.23,6.04,1.29,21.25,62.25,49.11,0,0.36,10.67,0.07,0,370.58,6,4,-3.99,39.75,Sheltered,2,High compliance closure,1991,,,,,Mombasa,4,0,Belt transect,500,Lagoon/Back reef
Kenya,1996,Mombasa,69.47,4.08,10.79,0,0,4.51,0,0.26,0,15.79,90.52,42.8,0.58,1.2,2.55,5.11,36,14.27,3.05,14.61,67.35,65.81,0,0.86,25.23,7.6,0,482.43,6,5,-3.99,39.75,Sheltered,2,High compliance closure,1991,,,,,Mombasa,4,0,Belt transect,500,Lagoon/Back reef
Kenya,1997,Mombasa,65.3,5.82,22.69,0,0,12.07,3.55,0.38,0,98.23,129.15,75.08,3.59,7.45,2.39,7.29,51.36,20.36,4.35,25.3,102.94,96.89,0,1.23,35.99,0,0,771.42,6,6,-3.99,39.75,Sheltered,2,High compliance closure,1991,42,5.7,5.1,2,Mombasa,4,0,Belt transect,500,Lagoon/Back reef
Kenya,1999,Mombasa,98.62,4.34,22.69,0,0,7.62,0,0.28,0,89.21,96.18,25.85,3.26,6.76,2.39,5.43,38.25,15.16,3.24,17.86,58.04,85.59,0,0.92,26.8,18.84,0,627.34,6,8,-3.99,39.75,Sheltered,2,High compliance closure,1991,,,,,Mombasa,4,0,Belt transect,500,Lagoon/Back reef
Kenya,2000,Mombasa,118.92,3.47,6.29,0,0,5.34,0,0.23,0,36.95,77.04,51.8,1.35,2.8,0.23,4.35,30.64,12.14,2.59,20.53,29.29,168.95,0,0.73,21.47,17.37,0,612.48,6,9,-3.99,39.75,Sheltered,2,High compliance closure,1991,,,,,Mombasa,4,0,Belt transect,500,Lagoon/Back reef
Kenya,2001,Mombasa,138.52,6.28,19.57,0,0,21.88,0,0.41,0,60.87,139.28,49.82,2.23,4.62,6.65,7.87,55.39,21.96,4.69,14.32,21,146.16,0,1.33,38.81,11.2,0,772.85,6,10,-3.99,39.75,Sheltered,2,High compliance closure,1991,,,,,Mombasa,4,0,Belt transect,500,Lagoon/Back reef
Kenya,2002,Mombasa,142.61,10.1,15.53,0,0,16.42,30.09,0.66,0,104.02,224.01,82.27,3.81,7.89,24.18,12.65,89.09,35.31,7.54,38.66,49.98,194.69,0,2.13,62.43,7.85,0,1161.92,6,11,-3.99,39.75,Sheltered,2,High compliance closure,1991,,,,,Mombasa,4,0,Belt transect,500,Lagoon/Back reef
Kenya,2004,Mombasa,149.65,12.46,13.44,0,0,17.68,5.21,0.81,0,95.1,276.35,69.02,3.48,7.21,7.81,15.61,109.91,43.56,9.3,41.82,46.04,254.3,0,2.63,77.01,9.45,0,1267.85,6,13,-3.99,39.75,Sheltered,2,High compliance closure,1991,,,,,Mombasa,4,0,Belt transect,500,Lagoon/Back reef
Kenya,2005,Mombasa,190.06,5.98,25.39,0,0,9.62,5.21,0.39,0,208.47,132.51,62.46,7.63,15.81,17.18,7.48,52.7,20.89,4.46,32.53,53.11,352.79,0,1.26,36.93,3.31,0,1246.15,6,14,-3.99,39.75,Sheltered,2,High compliance closure,1991,,,,,Mombasa,4,0,Belt transect,500,Lagoon/Back reef
Kenya,2006,Mombasa,117.58,12.48,17.3,0,0,3.25,0,0,0,116.98,111.06,540.49,0,14.93,0.85,29.21,23.99,33.72,5.79,29.46,50.33,252.61,0,0,47.01,4.52,0,1411.53,6,15,-3.99,39.75,Sheltered,2,High compliance closure,1991,31.7,10.3,3.6,2,Mombasa,4,0,Belt transect,500,Lagoon/Back reef
Kenya,2007,Mombasa,309.34,0,18.07,0,0,5.92,46.94,1.78,0,199.73,104.97,391.36,3.71,24.14,28.83,0,39.01,27.77,8.43,31.81,88.15,293.3,0,0.75,22.37,11.41,0,1657.78,6,16,-3.99,39.75,Sheltered,2,High compliance closure,1991,36.2,8,2.9,2,Mombasa,4,0,Belt transect,500,Lagoon/Back reef
Kenya,2008,Mombasa,165.52,0,3.5,0,0,4.64,0,0,0,61.91,94.36,186.24,0,0,0,0,72.22,0,0,19.84,33.29,155.62,0,0,10.01,94.57,0,901.71,6,17,-3.99,39.75,Sheltered,2,High compliance closure,1991,,,,,Mombasa,4,0,Belt transect,500,Lagoon/Back reef
Kenya,2009,Mombasa,65.43,5.43,12.18,0,0,3.53,12.23,0,0,47.46,84.67,145.27,7.19,0.41,2.18,0,17.76,12.11,2.23,18.81,42.31,125.64,0,2.15,31.25,68.36,0,706.58,6,18,-3.99,39.75,Sheltered,2,High compliance closure,1991,28.2,32.5,3,2,Mombasa,4,0,Belt transect,500,Lagoon/Back reef
Kenya,2010,Mombasa,76.8525,0.9725,16.47,0,0,2.7775,0,0.6125,0,42.5225,51.9875,14.8975,5.42,0,1.575,0,8.9875,0,0.0125,7.3175,19.3275,88.1375,0,0,76.2675,70.4425,0,484.58,6,19,-3.99,39.75,Sheltered,2,High compliance closure,1991,24.5,59.6,4.4,2,Mombasa,4,0,Belt transect,500,Lagoon/Back reef
Kenya,2011,Mombasa,142.3225,0,22.54,0,0,8.81,0,0,0,39.9275,93.765,125.86,6.0725,5.68,1.575,3.6575,6.5,0,0.17,39.1,34.395,108.73,0,0,177.265,51.5975,0,867.9675,6,20,-3.99,39.75,Sheltered,2,High compliance closure,1991,20.2,37.7,4,2,Mombasa,4,0,Belt transect,500,Lagoon/Back reef
Kenya,2013,Mombasa,186.6231231,23.97573796,16.5244616,0,0,2.781463317,0,0,0,41.52093664,56.79177023,75.5985914,32.00785743,10.63151289,7.239920147,0,79.54933863,8.536119638,0,25.76212807,35.5314168,85.31189712,0,1.497219865,285.3252994,131.7617633,0,1106.970558,6,22,-3.99,39.75,Sheltered,2,High compliance closure,1991,19.1,36.3,1.3,2,Mombasa,4,0,Belt transect,500,Lagoon/Back reef
Kenya,2013,Mombasa park forereef,359.9802175,0,48.91149683,0,0,18.64714044,0,0,0,0,25.42746663,90.76384253,21.88882418,10.36212217,7.948444775,12.47483993,12.45303336,0,0,15.92989609,21.77271305,85.32922533,0,0,23.6948545,14.64076215,0,770.2248794,6,22,-3.99,39.75,Exposed,7.4,High compliance closure,1991,,,,,Mombasa,4,0,Belt transect,500,Slope
Kenya,2009,Mombasa Starfish,62.135,0,10.485,0,0,5.72,11.92,0,0,232.525,51.35,44.61,11.18,7.79,2.245,0,16.11,0,0,8.165,25.33,102.69,0,0.81,14.49,43.21,0,650.765,6,18,-3.99,39.75,Sheltered,2,High compliance closure,1991,23.7,15.3,3.3,2,Mombasa,4,0,Belt transect,500,Lagoon/Back reef
Kenya,2014,Mombasa_Braincoral,114.3995936,33.53548022,14.06242233,0,0,40.86823135,0,0,0,117.5917801,240.160834,71.64510035,0,311.1283369,2.197951516,0,68.67489881,19.56072589,0,64.27075388,65.7409362,44.94559962,0,0,42.07750614,8.098639032,0,1258.95879,6,23,-3.98,39.77,Exposed,8,High compliance closure,1991,,,,,Mombasa,4,0,Belt transect,500,Slope
Kenya,2014,Mombasa_Greenturtle,206.3047033,21.12929738,15.83002633,0,0,9.899281385,0,0,0,0,41.66965801,50.32661085,0,49.12681535,12.59996228,11.02684199,57.83761174,0,0,5.918349358,73.26442208,8.515548735,0,0,38.37269218,8.098639032,0,609.92046,6,23,-3.99,39.76,Sheltered,10.2,High compliance closure,1991,,,,,Mombasa,4,0,Belt transect,500,Slope
Kenya,2014,Mombasa_Sandpatch,171.0389352,0,17.78371478,0,0,18.54308878,0,0,0,66.43349863,97.05004502,52.20078359,1.35277922,285.2235462,12.98009694,0,71.3250357,6.4850625,0,46.22044354,23.28698012,80.08268589,0,0,34.72444548,361.3291219,0,1346.060264,6,23,-3.98,39.77,Sheltered,12,High compliance closure,1991,,,,,Mombasa,4,0,Belt transect,500,Slope
Kenya,2014,Mombasa_Sharkpoint,212.0437492,0,26.27883093,0,0,9.585412888,0,0,0,444.2755772,173.8924845,96.57229885,0,407.9617503,6.299981138,0,199.4769083,12.970125,0,75.23700855,55.75649013,100.9936479,0,0,14.70612131,829.1776104,0,2665.227997,6,23,39.77,-3.98,Exposed,10,High compliance closure,1991,,,,,Mombasa,4,0,Belt transect,500,Lagoon/Back reef
Kenya,2007,Mpunguti,69.1475,0,5.94,0,0,6.1875,0,0,0,0,1.3775,32.5425,0.6775,0,4.4975,0,10.875,0,0,5.435,40.7825,5.995,0,0.375,2.64,0.4675,0,186.94,28,34,-4.708333333,39.36666667,Exposed,2,Low compliance and young closure,1973,20,11.1,18.3,2,Mpunguti,15,0,Belt transect,500,Lagoon/Back reef
Kenya,2013,Mpunguti Edge 2 (Kijamba),282.0444166,11.90144172,20.97601891,0,0,13.17381441,0,0,0,0,66.79699787,151.5847137,0,12.20347303,9.449971707,0,84.80741028,0,1.016226035,5.479725332,50.96683193,77.26253987,0,0,11.02959098,0,0,798.6931724,28,40,-4.7083,39.3667,Exposed,5,Low compliance and young closure,1973,,,,,Mpunguti,15,0,Belt transect,500,Slope
Kenya,2013,Mpunguti wa Juu Edge,81.6527546,0,7.875808306,0,0,22.25170654,0,0,0,50.49170271,125.3002781,47.93859518,0,42.10300201,8.644869359,0,101.5743612,0.64850625,0,32.18988491,156.1357664,70.18492023,0,0,13.68569241,0,0,760.6778481,28,40,-4.4925,39.48694,Exposed,11,Low compliance and young closure,1973,,,,,Mpunguti,15,0,Belt transect,500,Slope
Kenya,2011,Mradi,187.24,0,0.885,0,0,19.47,0,0,0,0,0,31.2,3.03,12.59,21.24,0,22.22,0,0,3.945,29.29,10.455,0,0,0.805,3.74,0,346.11,0.22,1,-3.593144,39.93232,Sheltered,1,Low compliance and young closure,2011,,,,,Mradi,21,0,Belt transect,500,Flat
Kenya,2012,Mradi,185.962004,0,3.496003152,0,0,7.495702637,33.41051866,0,0,0,6.922548376,50.38076232,4.383127016,17.04154261,9.047420533,0,32.56878977,0,0,4.931957799,66.63658928,9.313548352,0,0.748609933,5.283919231,2.803767051,0,440.4268107,0.22,2,-3.593144,39.93232,Sheltered,1,Low compliance and young closure,2011,54.6,11,2.5,1,Mradi,21,0,Belt transect,500,Flat
Kenya,2014,Mradi,152.6024542,0,4.379805155,0,0,17.24918325,0,0,0,8.304187329,2.755582575,56.98482842,0,0,8.497932654,0,5.374773068,0,0,0.98639156,29.22172469,1.87018262,0,0,21.14819517,0.934589017,0,310.3098297,0.22,3,-3.94166,39.7823,Sheltered,3,Low compliance and young closure,2011,40.1,30,2,3,Mradi,21,0,Belt transect,500,Flat
Kenya,2011,Mtangata,50.615,1.945,0,0,0,4.635,0,0,0,0,0,55.065,0,0.615,4.885,0,6.94,0,0,0,29.105,5.07,0,0,0,0,0,158.875,0.112,2,-4.3139,39.5829,Sheltered,1,Low compliance and young closure,2009,20.5,25,2.8,1,Mtangata,20,0,Belt transect,500,Lagoon/Back reef
Kenya,2014,Mtangata,104.472852,1.942865378,0.883802003,0,0,7.495702637,0,0,0,0,0.918527525,66.46777036,3.030347796,6.294297824,10.23265754,0,4.453785546,0,0.338742012,0,88.60830978,6.682730862,0,0,0,2.803767051,0,304.6261583,0.12,5,-4.31,39.58,Sheltered,,Low compliance and young closure,,,,,,Mtangata,20,0,Belt transect,500,Lagoon/Back reef
Kenya,2009,Shark Point,203.4370886,17.24356662,18.3222258,0,0,9.271544391,0,0,0,0,37.86118016,52.8278683,0,187.2643186,9.769430911,0,29.58387363,0,0.677484023,31.35112447,52.1600779,73.95687431,0,0,49.64945098,0,0,773.3761087,6,18,-3.98,39.77,Exposed,10,High compliance closure,1991,,,,,Mombasa,4,0,Belt transect,500,Slope
Kenya,2012,Tiwi In,3.737424401,0,3.496003152,0,0,2.781463317,0,0,0,0,0,32.44376272,0,0.613783621,1.098975758,0.837766975,13.6059566,0,0,0,8.419138968,2.032659894,0,0,0,0,0,69.06693541,0.13,3,-4.22011181,39.6115078,Sheltered,0.5,Low compliance and young closure,2009,30.2,4.3,0,0.5,Tiwi,22,0,Belt transect,500,Lagoon/Back reef
Kenya,2009,Tiwi Tengefu,3.62,0,0.4675,0,0,3.005,0,0,0,0,0,7.8875,0,0,0.0225,3.6575,3.375,0,0.195,0,2.3025,0.7825,0,0.375,0,0,0,25.69,0.13,0,-4.26,39.61,Sheltered,0.5,Low compliance and young closure,2009,31.2,10.9,0.3,0.5,Tiwi,22,0,Belt transect,500,Lagoon/Back reef
Kenya,2011,Tiwi Tengefu,36.86,0,0.885,0,0,8.345,0,0,0,0,0,31.565,0.675,0,0.64,0.84,18.6,0,0,0,13.705,12.745,0,0,0.805,0,0,125.665,0.13,2,-4.26,39.61,Sheltered,0.5,Low compliance and young closure,2009,35.7,4.3,0.3,0.5,Tiwi,22,0,Belt transect,500,Lagoon/Back reef
Kenya,2005,Vipingo,12.09,0.2,0,0,0,4.4,0,0,0,0,0.83,31.28,0,0,0.02,0,5.01,0.02,0.3,0,27.36,9.29,0,0.02,7.91,0,0,98.73,0.29,0,-3.48,39.95,Sheltered,2,High compliance closure,2005,,,,,Vipingo,5,0,Belt transect,500,Lagoon/Back reef
Kenya,2006,Vipingo,17.63,0,0,0,0,12.91,16.71,0,0,0,0,45.18,0,0,0.55,0,0.67,0,0,0,34.04,1.06,0,0,1.84,0,0,130.59,0.29,1,-3.48,39.95,Sheltered,1,High compliance closure,2005,25.9,1.8,7.7,1,Vipingo,5,0,Belt transect,500,Lagoon/Back reef
Kenya,2007,Vipingo,78.07,0,0.44,0,0,12.56,0,0,0,0,0.46,53.55,0,5.68,1.85,0,3.04,0.03,0.17,0,38.7,4.14,0,0.03,5.51,0,0,204.24,0.29,2,-3.48,39.95,Sheltered,1,High compliance closure,2005,21.6,0.4,7,1,Vipingo,5,0,Belt transect,500,Lagoon/Back reef
Kenya,2008,Vipingo,105.02,0,0.88,0,0,15.34,16.71,0,0,0,0,95.19,6.06,5.49,6.17,0,3.9,0.03,0,0,60.67,32.53,0,0,4.48,15,0,367.46,0.29,3,-3.48,39.95,Sheltered,1,High compliance closure,2005,30.5,1.2,4.3,1,Vipingo,5,0,Belt transect,500,Lagoon/Back reef
Kenya,2009,Vipingo,142.89,0.67,0,0,0,24.11,1.63,0,0,3.11,1.84,67.04,5.06,34.93,12.2,0,4.13,0,0.68,0,51.47,33.29,0,0,4.48,25.32,0,412.83,0.29,4,-3.48,39.95,Sheltered,1,High compliance closure,2005,29.6,12.8,4.2,1,Vipingo,5,0,Belt transect,500,Lagoon/Back reef
Kenya,2010,Vipingo,101.29,0,0.59,0,0,13.91,0,0,0,2.546666667,12.29333333,43.81666667,4.04,53.48,2.596666667,0,3.47,0,0.676666667,6.943333333,26.01333333,9.253333333,0,0,15.09333333,11.42333333,0,307.4366667,0.29,5,-3.48,39.95,Sheltered,1,High compliance closure,2005,,,,,Vipingo,5,0,Belt transect,500,Lagoon/Back reef
Kenya,2011,Vipingo,251.42,0,3.495,0,0,25.96,0,0,0,0,8.755,67.285,6.735,11.975,7.875,0,1.81,0,0.34,0,36.01,64.27,0,0,8.155,19.625,0,513.71,0.29,6,-3.48,39.95,Sheltered,1,High compliance closure,2005,26.2,3.6,4.4,1,Vipingo,5,0,Belt transect,500,Lagoon/Back reef
Kenya,2012,Vipingo,150.5299014,0,0,0,0,8.344389953,5.41530958,0,0,0,13.41942493,73.46558769,0,5.680514203,3.495035567,1.800245422,14.78178088,0,0,0,23.91393729,22.65825508,0,0,31.85160961,8.722264601,0,364.0782562,0.29,7,-3.48,39.95,Sheltered,1,High compliance closure,2005,,,,,Vipingo,5,0,Belt transect,500,Lagoon/Back reef
Kenya,2013,Vipingo,101.7998401,0,5.263607158,0,0,12.13147483,5.415309579,0,0,0,18.50491825,94.83841637,1.35277922,57.87624766,1.648463637,0,3.865755835,0,0.338742012,0,33.63385901,9.420662739,0,0,11.83328543,2.803767051,0,360.7271289,0.29,8,-3.37,40.01,Sheltered,2,High compliance closure,2005,21.6,10.1,7.7,2,Vipingo,5,0,Belt transect,500,Lagoon/Back reef
Kenya,2014,Vipingo,114.4294009,0,6.992006303,0,0,15.14833952,0,0,0,0,1.83705505,84.54155441,0,33.85162144,5.20100538,0,0,1.2970125,0,8.442302014,32.78090279,41.54292542,0,0,17.92089912,5.607534102,0,369.5925589,0.29,9,-3.48,39.95,Sheltered,1.5,High compliance closure,2005,27.5,13.7,2.7,1.5,Vipingo,5,0,Belt transect,500,Lagoon/Back reef
Kenya,1988,Watamu,237.47,67.5,5.26,0,0,7.11,6.94,1.2,0,126.2,293.1,84.48,1.27,31.29,15.76,17.04,404.91,114.32,2.33,7.17,119.91,229.25,0,0.74,191.3,170.22,0,2134.77,10,16,-3.37,40.01,Sheltered,2,High compliance closure,1972,,,,,Watamu,2,0,Belt transect,500,Lagoon/Back reef
Kenya,1992,Watamu,111.96,32.78,9,0,0,2.45,0,0.58,0,155.58,142.35,67.53,1.56,38.57,7.65,8.28,196.65,55.52,1.13,5.76,60.36,139.88,0,0.36,92.9,82.67,0,1213.52,10,20,-3.37,40.01,Sheltered,2,High compliance closure,1972,29.6,17.8,0.3,2,Watamu,2,0,Belt transect,500,Lagoon/Back reef
Kenya,1993,Watamu,203.42,31.86,40.23,0,0,7.79,0,0.57,0,209.6,138.33,63.37,2.11,51.96,7.44,8.04,191.09,53.95,1.1,17.71,96.27,294.59,0,0.35,90.28,80.33,0,1590.37,10,21,-3.37,40.01,Sheltered,2,High compliance closure,1972,,,,,Watamu,2,0,Belt transect,500,Lagoon/Back reef
Kenya,1994,Watamu,255.94,13.85,62.1,0,0,4.15,0,0.25,0,249.53,60.16,111.62,2.51,61.86,71.81,3.5,83.1,23.46,0.48,6.46,168.82,318.36,0,0.15,39.26,34.28,0,1571.65,10,22,-3.37,40.01,Sheltered,2,High compliance closure,1972,,,,,Watamu,2,0,Belt transect,500,Lagoon/Back reef
Kenya,1995,Watamu,131.88,15.53,20.34,0,0,7.12,3.55,0.28,0,91.07,67.42,90.34,0.91,22.58,47.74,3.92,93.14,26.3,0.54,28.79,126.92,129.83,0,0.17,44,22.12,0,974.47,10,23,-3.37,40.01,Sheltered,2,High compliance closure,1972,,,,,Watamu,2,0,Belt transect,500,Lagoon/Back reef
Kenya,1996,Watamu,91.29,8.8,18.74,0,0,4.15,0,0.16,0,130.95,38.2,62.45,1.32,32.46,10.27,2.22,52.77,14.9,0.3,16.23,135.29,151.66,0,0.1,24.93,43.7,0,840.87,10,24,-3.37,40.01,Sheltered,2,High compliance closure,1972,,,,,Watamu,2,0,Belt transect,500,Lagoon/Back reef
Kenya,1997,Watamu,93.92,5.23,33.86,0,0,3.12,0,0.09,0,193.97,22.71,62.24,1.95,48.09,1.57,1.32,31.38,8.86,0.18,13.49,128.15,180.35,0,0.06,14.82,50.42,0,895.78,10,25,-3.37,40.01,Sheltered,2,High compliance closure,1972,,,,,Watamu,2,0,Belt transect,500,Lagoon/Back reef
Kenya,1999,Watamu,175.33,6.79,29.09,0,0,12.81,0,0.12,0,127.7,29.48,65.32,1.28,31.66,0.16,1.71,40.72,11.5,0.23,6.36,114.36,184.81,0,0.07,19.24,15.39,0,874.14,10,27,-3.37,40.01,Sheltered,2,High compliance closure,1972,,,,,Watamu,2,0,Belt transect,500,Lagoon/Back reef
Kenya,2000,Watamu,171.95,8.67,25.55,0,0,4.15,0,0.15,0,102.77,37.65,71.88,1.03,25.48,0.13,2.19,52.01,14.68,0.3,31.02,182.89,191.42,0,0.09,24.57,17.38,0,965.99,10,28,-3.37,40.01,Sheltered,2,High compliance closure,1972,,,,,Watamu,2,0,Belt transect,500,Lagoon/Back reef
Kenya,2001,Watamu,243.16,29.75,59.62,0,0,6.01,0,0.53,0,157.66,129.16,57.47,1.58,39.09,12.07,7.51,178.43,50.38,1.03,14.88,172.25,187.76,0,0.32,84.3,5.66,0,1438.61,10,29,-3.37,40.01,Sheltered,2,High compliance closure,1972,,,,,Watamu,2,0,Belt transect,500,Lagoon/Back reef
Kenya,2002,Watamu,136.26,9.5,53.75,0,0,4.15,0,0.17,0,54.75,41.24,101.11,0.55,13.57,0.07,2.4,56.98,16.09,0.33,10.38,84.63,479.43,0,0.1,26.92,15.76,0,1108.14,10,30,-3.37,40.01,Sheltered,2,High compliance closure,1972,,,,,Watamu,2,0,Belt transect,500,Lagoon/Back reef
Kenya,2004,Watamu,192.38,22.59,27.12,0,0,5.93,0,0.4,0,271,98.09,60.7,2.72,67.18,1.57,5.7,135.51,38.26,0.78,17.35,160.08,347.21,0,0.25,64.02,35.17,0,1554.01,10,32,-3.37,40.01,Sheltered,2,High compliance closure,1972,,,,,Watamu,2,0,Belt transect,500,Lagoon/Back reef
Kenya,2005,Watamu,317.38,12.49,33.86,0,0,10.09,0,0.22,0,154.88,54.23,52.74,1.56,38.4,1.57,3.15,74.92,21.15,0.43,37,161.95,343.95,0,0.14,35.4,101.84,0,1457.34,10,33,-3.37,40.01,Sheltered,2,High compliance closure,1972,,,,,Watamu,2,0,Belt transect,500,Lagoon/Back reef
Kenya,2006,Watamu,297.83,34.33,23.45,0,0,6.1,0,0.61,0,186.86,32.63,115.7,3.37,35.66,2.4,6.24,12.59,30.48,0.88,9.44,183.23,210.47,0,0.37,41.64,29.93,0,1264.21,10,34,-3.37,40.01,Sheltered,3,High compliance closure,1972,10.4,42.3,0.2,3,Watamu,2,0,Belt transect,500,Lagoon/Back reef
Kenya,2007,Watamu,407.86,0,10.97,0,0,9.27,0,0,0,157.65,36.98,45.63,0.68,58,2.15,2.76,144.97,14.62,0.34,15.04,128.73,328.34,0,0,63.1,6.07,0,1433.15,10,35,-3.37,40.01,Sheltered,3,High compliance closure,1972,11.9,46.9,0.1,3,Watamu,2,0,Belt transect,500,Lagoon/Back reef
Kenya,2009,Watamu,393.46,0,8.97,0,0,7.42,0,0,0,78.52,95.71,64.46,0,12.59,4.25,0,74.75,16.86,0,18.27,445.73,163.76,0,0,0,58.56,0,1443.3,10,37,-3.37,40.01,Sheltered,3,High compliance closure,1972,13,23.5,0.2,3,Watamu,2,0,Belt transect,500,Lagoon/Back reef
Kenya,2011,Watamu,238.47,0,41.295,0,0,3.705,11.92,0,0,51.16,43.505,181.1,0,66.05,19.335,0.84,133.38,16.215,0.34,37.62,244.09,187.805,0,0,31.965,12.15,0,1320.945,10,39,-3.37,40.01,Sheltered,3,High compliance closure,1972,,,,,Watamu,2,0,Belt transect,500,Lagoon/Back reef
Kenya,2013,Watamu,241.8878096,0,28.66911805,0,0,1.854308878,0,0,0,45.30197442,54.59622724,227.0828731,14.19817469,65.09444955,7.398956896,0,257.7695581,22.57690444,0.338742012,11.12589192,195.4895377,140.4236503,0,0,0,50.15174745,0,1363.959924,10,41,-3.37,40.01,Sheltered,2,High compliance closure,1972,14.4,50,0,2,Watamu,2,0,Belt transect,500,Lagoon/Back reef
Kenya,2014,Watamu Canyon,159.8646453,1.336793028,43.79805155,0,0,8.044972507,0,0,0,16.60837466,26.83884986,66.13628995,0,49.27121413,4.395903032,0,40.68100547,1.2970125,0,17.61496074,53.02266244,37.97527896,0,0,3.214777809,1.869178034,0,531.96997,10,42,-3.37,40.03,Exposed,12,High compliance closure,1972,18.8,18,43.3,12,Watamu,2,0,Belt transect,500,Slope
Kenya,2014,Watamu Caracas,659.3646759,0,104.7365902,44.35966243,0,20.55433191,0,0,0,16.60837466,59.18886486,47.93365633,0,205.0330957,7.398956896,6.631702849,351.6166895,0,0,20.83017027,23.28698012,50.72886626,0,0,47.389709,0,0,1665.662327,10,42,,,Exposed,11,High compliance closure,1972,11.9,16,37.6,11,Watamu,2,0,Belt transect,500,Slope
Kenya,2014,Watamu Deep reef,255.7868171,8.62178331,103.3769847,0,0,11.12585327,0,0,0,0,22.17902835,85.58153882,0,66.45715553,21.09789493,6.631702849,7.701328287,0,0,6.831295247,39.22960498,28.13113852,0,0,45.29228395,1.869178034,0,709.9135878,10,42,,,Exposed,12,High compliance closure,1972,11.5,8.3,55.5,12,Watamu,2,0,Belt transect,500,Slope
Kenya,2014,Watamu Tewa,296.4047671,0,49.02245384,0,0,18.70002303,0,0,0,0,13.84509675,102.3167501,0,3.682701727,2.197951516,0,61.53960912,0,0,11.5106202,105.1496718,22.34787188,0,0,34.72444548,0,0,721.4419626,10,42,-3.38,40.01,Exposed,10,High compliance closure,1972,20,27.3,34.8,10,Watamu,2,0,Belt transect,500,Slope
Madagascar,2009,Antanimora,21.31,0,3.93,0,0,31.24,0,0,0,6.23,7.35,153.45,12.12,5.68,1.19,0,78.67,0,0.68,17.46,110.81,109.81,0,0,3.21,0,0,563.14,322,8,-13.92,47.67,Exposed,12,Low compliance and young closure,2001,40.6,1.9,16.1,12,Sahalamaza-Iles Radama,25,0,Belt transect,500,Slope
Madagascar,2007,Coral garden,184.485,18.27,2.445,0,0,6.5575,0,0.1575,0,0,5.2975,39.1475,0,0.3075,0,0,8.41,0,0.17,3.81,76.885,66.49,0,0,5.4075,34.89,0.9925,453.7225,0.16,0,-23.15,43.59,Sheltered,3,Low compliance and young closure,2007,,,,,Rose Garden,23,0,Belt transect,500,Lagoon/Back reef
Madagascar,2009,Kalakajoro  exposed site,122.28,0,0,0,0,7.73,0,0,0,83.04,1.84,55.63,0,0,10.69,0,155.85,0,0.73,0,12.04,42.6,0,0,20.02,32.39,0,544.84,322,8,-13.92,47.67,Exposed,7,Low compliance and young closure,,17.1,15.4,9.1,7,Sahalamaza-Iles Radama,25,0,Belt transect,500,Slope
Madagascar,2009,Kalakajoro leeward,136.03,0,20.4,6.07,0,7.58,0,0,0,197.22,1.84,136.75,16.27,22.49,16.7,0,165.04,0,0,1.76,249.5,143.21,0,8.39,33.8,133.32,0,1296.37,322,8,-13.92,47.67,Sheltered,2,Low compliance and young closure,,40.9,9.3,8.9,2,Sahalamaza-Iles Radama,25,0,Belt transect,500,Lagoon/Back reef
Madagascar,2007,Tanikely1,10.595,0,1.165,0,0,8.475,0,0,0,29.745,12.17166667,88.06833333,4.04,55.34166667,1.233333333,0,89.46,0,0.008333333,0,70.33,106.5166667,0,0,3.605,49.725,0,530.48,0.42,39,-13.49,48.24,Exposed,1.5,Low compliance and young closure,1968,33,12.1,17.3,1.5,Nosy Tanikely,24,0,Belt transect,500,Slope
Madagascar,2007,Tanikely2,24.485,1.943333333,1.533333333,1.416666667,0,1.545,0,0,0,56.27833333,1.388333333,65.34333333,10.325,6.5,8.166666667,0,95.37833333,0.216666667,0.113333333,0,68.08666667,78.78333333,0,0,0.536666667,9.996666667,0.188333333,432.225,0.42,39,-13.48483333,48.23541667,Exposed,1.5,Low compliance and young closure,1968,,,,,Nosy Tanikely,24,0,Belt transect,500,Slope
Madagascar,2009,Valiha-4m,83.57,0,1.96,0,0,17.47,0,0,0,0,3.67,44.78,0,1.23,0,0,0,0,0,0,83.21,213.81,0,0,8.96,0,0,458.66,322,8,-14.14033333,47.79071667,Sheltered,4,Low compliance and young closure,2001,39.8,18.2,2.4,4,Sahalamaza-Iles Radama,25,0,Belt transect,500,Crest
Madagascar,2009,Valiha-8m,46.79,0,1.96,0,0,7.58,0,0,0,16.61,1.84,58.19,0,30.86,0,0,0.6,0.11,0.68,0,47.28,7.07,0,0,0,0,0,219.57,322,8,-14.14033333,47.79071667,Sheltered,6,Low compliance and young closure,2001,23.1,11,12.1,6,Sahalamaza-Iles Radama,25,0,Belt transect,500,Crest
Mauritius,2004,Balaclava 1,257.35,,0,,0,6.23,0,,0,0,,26.245,0,0,11.65,,43.155,,,0,121.31,31.41,0,,,0,,497.35,5,1,-20.0885,57.5122,Sheltered,2,Low compliance and young closure,2003,48.3,33.4,0,2,Balaclava,26,0,Belt transect,500,Lagoon/Back reef
Mauritius,2004,Balaclava 2-buffer,50.16,,0,,0,5.45,0,,0,0,,11.78,0,0,4.67,,28.955,,,0,1243.33,10.55,0,,,0,,1354.895,5,1,-20.0873,57.5126,Sheltered,2,Low compliance and young closure,2003,50.4,9.3,0,2,Balaclava,26,0,Belt transect,500,Lagoon/Back reef
Mauritius,2004,BlueBay(tourist),45.71,,0,,0,10.79,0,,0,0,,7.505,0,0,5.405,,9.81,,,0,107.33,87.645,0,,,0.21,,274.405,3.5,4,-20.4506,57.7133,Sheltered,2,Low compliance and young closure,2000,57.3,8.5,1.1,2,Bluebay,27,0,Belt transect,500,Lagoon/Back reef
Mauritius,2004,BlueBay2-backreef,57.27,,4.19,,0,8.455,0,,0,0,,29.38,0,0,0.71,,12.73,,,0,13.73,9.92,0,,,0.27,,136.655,3.5,4,-20.4433,57.7084,Sheltered,2,Low compliance and young closure,2000,25.5,11.1,0.6,2,Bluebay,27,0,Belt transect,500,Lagoon/Back reef
Mayotte,2009,N'gouja,221.535,0,11.285,1.01,0,15.62,0,0,0,0,25.785,129.37,0,0.665,1.1,0,16.88,0,0,4.62,212.01,19.49,0,0,4.48,0,0,663.85,2,8,-12.88,44.95,Sheltered,5,High compliance closure,,43.3,0.8,7.3,5,N'gouja,9,0,Belt transect,500,Slope
Mayotte,2009,N'gouja ZoneC,260.59,0,4.6,29.75,0,11.06,21.49,0.315,0,17.275,3.675,86.69,3.705,37.92,12.195,0,164.96,0,1.35,20.055,219.13,61.115,0,3.445,33.785,0,0,993.105,2,8,-12.97,45.08,Sheltered,3,High compliance closure,,35,0,5.3,3,N'gouja,9,0,Belt transect,500,Lagoon/Back reef
Mayotte,2009,Passe de S,371,0,28.01,8.5,0,46.52,0,0,0,0,0,183.88,0,0,19.49,0,48.5,0,0,20.9,95.87,376.73,0,0,37.94,0,0,1237.34,13.8,19,-12.87,45.28,Exposed,2,High compliance closure,,53.5,1,2.5,2,Passe de Longongori,10,0,Belt transect,500,Flat
Mayotte,2009,"Passe de S, Buoy 6",175.29,17.24,22.57,2.02,0,22.25,0,0,0,0,59.9,42.21,6.76,368,13.79,0,90.94,0,3.54,23.15,623.25,67.34,0,6.89,141.09,16.2,0,1702.43,13.8,19,-12.87,45.27,Sheltered,6,High compliance closure,,48.8,0,8.5,6,Passe de Longongori,10,0,Belt transect,500,Flat
Mayotte,2009,"Passe de S, Turtle Point",260.31,0,22.57,0,0,35.39,0,0,0,2.81,0,124.94,6.06,34.34,21.09,0,22.14,0,1.35,26.22,87.16,166.62,0,1.5,291.39,1.87,0,1105.76,13.8,19,-12.88,44.95,Sheltered,12,High compliance closure,,,,,,Passe de Longongori,10,0,Belt transect,500,Slope
Mayotte,2009,Passe en Sada S,398.32,0,10.45,0,0,16.85,0,0,0,0,17.52,104.17,156.93,0,3.3,0,0.78,0,0,6.13,154.39,84.97,0,0,39.55,0,0,993.36,13.8,19,-12.88,44.95,Exposed,15,High compliance closure,,28.5,2.5,4.3,15,Passe de Longongori,10,0,Belt transect,500,Flat
Mayotte,2010,Sazily barrier inside park,284.89,0,8.36,0,0,46.67,0,0,0,0,43.51,37.13,0,486.91,39.65,0,6.97,0,0,17.12,0,212.6,0,0,41.65,0,0,1225.46,25.9,19,-12.9942,45.231,Sheltered,8,Low compliance and young closure,2001,24.7,25.9,1.3,8,Sazily,28,0,Belt transect,500,Slope
Mayotte,2010,Sazily fringing inside park,186.44,0,4.36,0,0,29.17,0,0,0,0,12,97.81,0,12.59,0,0,9.76,0,0,33.76,0,249.23,0,0,56.79,50.65,0,742.56,25.9,19,-12.9941,45.229,Exposed,8,Low compliance and young closure,2001,,,,,Sazily,28,0,Belt transect,500,Slope
Mozambique,2010,Aquarium,367.27,0,11.29,0,0,20.475,0,0,0,0,105.88,96.26,0,84.82,10.95,0,237.645,0,0,61.25,80.2,84.445,0,0,114.62,40.49,0,1315.595,1430,39,-21.8,35.5,Exposed,10,High compliance closure,1971,,,,,Bazaruto,11,0,Belt transect,500,Flat
Mozambique,2009,Berreira Vermelha North,236.495,0,28.67,1.01,0,127.58,0,0,0,31.145,4.165,30.915,0,69.625,65.895,0,25.32,0,0.045,26.465,47.725,40.695,0,0,20.825,0,0,756.575,1430,44,-26.14,32.9,Sheltered,2,High compliance closure,1965,,,,,Bazaruto,11,0,Belt transect,500,Lagoon/Back reef
Mozambique,2009,Berreira Vermelha South,230.695,0,20.135,57.06,0,74.32,0,0,0,204.71,0,32.91,1.355,640.8,2.73,0,132.44,0,0.045,48.015,330.17,80.09,0,3.445,56.79,9.035,0,1924.745,20,44,-26.02,32.9,Sheltered,2,High compliance closure,1965,,,,,Ilhas do Inhaca,12,0,Belt transect,500,Lagoon/Back reef
Mozambique,2012,Dos Piedras,69.61369523,0,18.39463259,0,0,15.46220802,0,0,0,151.5599721,103.5469216,160.3904766,0,102.9268303,9.596908412,0,21.3523165,36.31635,0.677484023,8.17178058,188.8622493,11.99159213,0,0,0,0,0,898.8634174,1522,10,-12.145009,40.554548,Sheltered,6,Low compliance and young closure,2002,60.5,8.9,8.4,6,Quirimbas,31,0,Belt transect,500,Lagoon/Back reef
Mozambique,2011,Kisinga,471.63,0,8.76,131.32,0,46.83,0,9.78,0,0,0,97.16,16.27,21.26,51.15,0,13.92,0,0.68,27.92,29.16,274.52,0,0,0,0,0,1200.36,5,4,-10.9939,40.6959,Sheltered,2.5,Low compliance and young closure,2007,51.6,2.8,12.2,2.5,Vamizi,30,0,Belt transect,500,Lagoon/Back reef
Mozambique,2014,Kisirwa,152.1977305,0,1.767604006,0,0,36.64427692,0,0,0,0,1.83705505,121.663386,0,8.135648687,11.79485993,0,5.28398777,0,0,4.67592295,78.59981529,140.7757766,0,0,47.389709,0,0,610.7657727,5,7,-11,40.69,Sheltered,4,High compliance closure,2007,59.2,8.8,57.8,4,Vamizi,13,0,Belt transect,500,Lagoon/Back reef
Mozambique,2008,Kisirwa Nkunga,235.605,0,4.04,0,0,69.625,0,0,0,0,1.84,96.545,0,119.945,5.9,0,2.5,0,0.34,9.48,95.33,148.19,0,0,39.235,4.05,0,832.625,5,1,-11,40.69,Exposed,1.5,High compliance closure,2007,42,10,13,1.5,Vamizi,13,0,Belt transect,500,Lagoon/Back reef
Mozambique,2014,Libelula,84.80847749,0,42.60266856,0,0,12.13147483,0,0.9849,0,0,0,20.84826983,8.089864421,4.910268969,16.15250402,0.837766975,107.7312921,0,1.354968046,8.073721655,90.72965718,8.407230552,0,11.89910545,100.6511659,0,0,520.2133361,0.035,9,-14.48995401,40.68000432,Sheltered,15,Low compliance and young closure,2005,43.1,18.5,3.5,15,Libelula,29,0,Belt transect,500,Lagoon/Back reef
Mozambique,2008,Light House Point,143.19,0,5.715,0,0,12.415,0,0,0,0,7.35,99.325,0,5.68,10.145,0,4.695,0,0,3.18,21.705,73.905,0,0,22.76,0,0,410.065,5,1,-10.99,40.71,Sheltered,1.5,High compliance closure,2007,21.7,12.6,2.4,1.5,Vamizi,13,0,Belt transect,500,Crest
Mozambique,2010,Margaruque/Isobel Island,245.355,6.255,34.655,0,0,32.45,0,0,0,80.56,6.92,70.425,0,16.04,23.93,0,26.455,0,0,146.71,174.795,190.02,0,0,5.285,16.195,0,1076.05,1430,39,-21.96,35.43,Exposed,2.5,High compliance closure,1971,8.5,1.5,0,2.5,Bazaruto,11,0,Belt transect,500,Flat
Mozambique,2014,Mutunculo,177.8026723,0,14.14083205,0,0,43.96859426,0,0,0,8.304187329,23.45604383,96.86796214,0.67638961,21.83607969,5.49487879,0,77.60113411,0,0,5.481426333,51.5000522,81.87251784,0,0,21.03875307,0,0,630.0415236,5,7,-11.0334,40.70652,Exposed,5,Low compliance and young closure,2007,39.6,18.2,28,5,Vamizi,30,0,Belt transect,500,Lagoon/Back reef
Mozambique,2014,Pangayo,287.1491333,0,1.767604006,44.35966243,0,12.05300771,0,0,0,0,7.841075901,50.38299871,0,5.680514203,6.446917843,0,13.58601001,0,0.677484023,3.141763857,48.704265,129.7723364,0,0,38.43097974,0.934589017,0,650.9283422,5,7,-11.03114,40.7183,Exposed,4,Low compliance and young closure,2007,40.8,39.1,8.6,4,Vamizi,30,0,Belt transect,500,Flat
Mozambique,2011,Papagaio,316.08,0,137.78,44.36,0,25.96,0,0,0,34.55,85.9,73.24,0,343.24,0,0,53.81,2.59,0.68,8.62,157.68,143.28,0,1.5,151.99,0,0,1581.26,5,4,-10.995,40.7134,Sheltered,6,Low compliance and young closure,2007,48.9,3.2,11.8,6,Vamizi,30,0,Belt transect,500,Flat
Mozambique,2014,Papagayo,276.7433501,0,45.64406527,77.97920244,0,65.05774499,0,0,0,95.49970943,108.7893512,42.83960984,0,82.23768273,6.299981138,0,22.22099005,0,0,60.76368409,48.1861358,49.25632929,0,0,42.07750614,0,0,1023.595342,5,7,-10.995,40.7134,Sheltered,8,Low compliance and young closure,2007,49.3,8.6,9.3,8,Vamizi,30,0,Belt transect,500,Slope
Mozambique,2014,Papangu,317.4074621,3.885730757,17.59763034,0,0,35.38880293,0,0,0,130.7948383,191.7795038,152.7597471,0,594.7918392,2.197951516,0,193.0954611,0,0,10.41508513,76.30964256,39.37656176,0,0,71.27516407,0,0,1837.075421,5,7,-11,40.72,Exposed,12,High compliance closure,2007,36.2,19.4,17.9,12,Vamizi,13,0,Belt transect,500,Slope
Mozambique,2013,Patchala,58.39113009,0,0,0,0,12.98016215,0,0,0,13.8632281,56.94870655,76.53316304,0,45.44411362,0,0,7.852715501,15.81966146,0,5.041101305,28.84002923,6.970320664,0,0,0,0,0,328.6843317,5,6,-12.30838,40.60219,Sheltered,5,Low compliance and young closure,2007,49.4,12.9,14.4,5,Vamizi,30,0,Belt transect,500,Slope
Mozambique,2009,Ponto Torres_Inhaca,238.98,8.145,10.41,2.125,0,53.9625,0,0,0,43.0825,0.92,29.0625,0,163.8875,12.08,1.6575,37.6475,0,0.0575,7.605,36.2375,179.515,0,0.84,0.805,4.985,0,832.005,20,44,-26.08,32.96,Sheltered,2,High compliance closure,1965,,,,,Ilhas do Inhaca,12,0,Belt transect,500,Crest
Mozambique,2010,Two mile corner,296.58,3.89,76.67,52.86,0,24.11,0,0,0,34.55,28.67,57.46,0,0,33.31,0,37.6,0,0,75.82,76.78,449.88,0,0,21.63,125.22,0,1395.03,1430,39,-21.8,35.51,Exposed,9,High compliance closure,1971,,,,,Bazaruto,11,0,Belt transect,500,Flat
Mozambique,2010,Two mile reef channel,347.49,0,68.56,122.34,0,27.97,0,1.34,0,51.16,65.69,111.08,0,424.83,41.9,0,28.77,0,0,65.32,61.01,264.74,0,0,127.99,0,0,1810.19,1430,39,-21.8,35.5,Exposed,11,High compliance closure,1971,,,,,Bazaruto,11,0,Belt transect,500,Slope
Mozambique,2010,Two mile reef edge,217.92,0,50.17,0,0,25.96,0,0,0,0,8.33,24.68,6.06,31.17,37.41,0,16.25,0,0,36.4,34.65,84.37,0,0,96.88,8.1,0,678.35,1430,39,-21.81,35.5,Exposed,10,High compliance closure,1971,,,,,Bazaruto,11,0,Belt transect,500,Slope
Seychelles,2005,Cousin Coral,67.04676054,0,0,0,0,0.948108961,0,0,0,0,0,43.56659372,13.90270013,63.78267323,8.243129996,0,0,0,0,1.067899389,0,424.2428738,0,0,9.564707377,135.8196757,0,768.1851229,1.2,37,-4.33,55.66,Exposed,4.727083333,High compliance closure,,,,,,Cousin,8,0,Point count,154,Slope
Seychelles,2008,Cousin Coral,247.7190153,0,0,0,0,3.724207218,0,0,0,17.46136034,0,30.98534631,3.97231623,13.49571113,23.04765486,0,0,0,0,7.142364448,0,218.1556581,0,0,9.504275523,47.60635616,0,622.8142657,1.2,40,-4.33,55.66,Exposed,4.727083333,High compliance closure,,,,,,Cousin,8,0,Point count,154,Slope
Seychelles,2011,Cousin Coral,38.74422882,0,0,0,0,3.33795526,0,0,0,0,0,117.6098911,3.272949419,0,22.78927863,0,0,0,0,24.86653409,4.61334835,410.230397,0,0,42.47198076,75.50679806,0,743.4433614,1.2,43,-4.33,55.66,Exposed,4.727083333,High compliance closure,,,,,,Cousin,8,0,Point count,154,Slope
Seychelles,2005,Cousin Granite,62.53409441,0,0.914283616,0,0,1.300860952,0,0,0,0,0,23.63185725,36.37729479,52.34437288,11.12687508,0,0,0,0,0.878298453,0.261170164,87.15273245,0,0,3.568882879,47.64139697,0,327.7321199,1.2,37,-4.33,55.66,Exposed,5.345833333,High compliance closure,,,,,,Cousin,8,0,Point count,154,Crest
Seychelles,2008,Cousin Granite,83.76619065,0,0.316293579,0,0,3.079090762,0,0,0,4.873553896,0,81.0290936,27.82756961,55.59822074,13.88680801,0,0,0,0,5.075417433,0.610019282,200.6405332,0,0,9.027748941,12.25414962,0,497.9846893,1.2,40,-4.33,55.66,Exposed,5.345833333,High compliance closure,,,,,,Cousin,8,0,Point count,154,Crest
Seychelles,2011,Cousin Granite,53.95884599,0,0,0,0,0.506962764,0,0,0,0,0,83.629137,13.04747255,25.16399211,10.11224821,0,0,0,0,5.996017857,14.36898424,354.6388145,0,0,31.59094375,122.4841444,0,715.4975633,1.2,43,-4.33,55.66,Exposed,5.345833333,High compliance closure,,,,,,Cousin,8,0,Point count,154,Crest
Seychelles,2005,Cousin Patch,45.1524812,0,0,0,0,0.911391949,0,0,0,1.440273029,0,51.76627436,30.46903677,30.5569363,8.083877958,0,0,0,0,5.225875796,1.535772054,158.3651461,0,0,3.938361387,36.75532013,0,374.2007471,1.2,37,-4.33,55.67,Exposed,6.235416667,High compliance closure,,,,,,Cousin,8,0,Point count,154,Crest
Seychelles,2008,Cousin Patch,116.7765433,0,0,0,0,2.098283622,0,0,0,4.873553896,0,52.00588243,4.652009056,30.69891006,5.092369812,0,0,0,0,0.676,4.888720368,326.1550975,0,0,0.991874306,94.90667672,0,643.8159211,1.2,40,-4.33,55.67,Exposed,6.235416667,High compliance closure,,,,,,Cousin,8,0,Point count,154,Crest
Seychelles,2011,Cousin Patch,278.9799109,0,0,0,0,1.251330522,0,0,0,36.56518826,0,85.49624133,0,81.62397227,45.45350768,0,0,0,0,28.34351948,41.96721494,479.6197498,0,0,19.72849266,183.9699516,0,1282.999079,1.2,43,-4.33,55.67,Exposed,6.235416667,High compliance closure,,,,,,Cousin,8,0,Point count,154,Crest
Seychelles,2005,Mahe NW Coral,19.35745605,0,0,0,0,1.110986784,0,0,0,3.700257823,0,46.21592972,23.1344122,26.68839227,5.123698252,0,0,0,0,5.52554101,10.79658986,154.7015478,0,0,45.49982193,9.093283036,0,350.9479167,0.8,29,-4.634994,55.376116,Sheltered,5.834375,Low compliance and young closure,,,,,,Baie Ternay,32,0,Point count,154,Lagoon/Back reef
Seychelles,2008,Mahe NW Coral,23.14317574,0,0.387647433,0,0,5.651117774,0,0,0,0,0,39.02721792,15.19763258,4.4309803,5.446834677,0,0,0,0,7.41516052,6.393950015,142.0259674,0,0,23.40312891,8.322181314,0,280.8449946,0.8,29,-4.634994,55.376116,Sheltered,5.834375,Low compliance and young closure,,,,,,Baie Ternay,32,0,Point count,154,Lagoon/Back reef
Seychelles,2011,Mahe NW Coral,27.40156291,0,1.650089814,0,0,9.569312631,0,0,0,0,0,160.1852083,25.69149944,31.59846588,10.90213608,0,0,0,0,20.19702601,30.66404652,362.0226818,0,0,8.820100027,7.230799307,0,695.9329287,0.8,32,-4.634994,55.376116,Sheltered,5.834375,Low compliance and young closure,,,,,,Baie Ternay,32,0,Point count,154,Lagoon/Back reef
Seychelles,2005,Praslin NE Granite,104.1475185,0,1.916195508,0,0,7.374285661,0,0,0,6.488747779,0,34.58295276,24.20857238,35.98950778,15.27219624,0,0,0,0,9.538966298,0.794571071,179.1665744,0,0,18.9393451,11.87718117,0,450.2966147,10.8,29,-4.290079,55.707504,Sheltered,4.975,Low compliance and young closure,,,,,,Curieuse,34,0,Point count,154,Lagoon/Back reef
Seychelles,2008,Praslin NE Granite,88.2760361,0,3.814594875,0,0,16.12718448,0,0,0,1.163501229,0,98.29910749,45.45020896,38.25979422,31.64849571,0,0,0,0,11.26737666,10.0075037,115.0550817,0,0,21.287255,20.63368912,0,501.2898292,10.8,29,-4.290079,55.707504,Sheltered,4.975,Low compliance and young closure,,,,,,Curieuse,34,0,Point count,154,Lagoon/Back reef
Seychelles,2011,Praslin NE Granite,146.3704901,0,3.933566973,0,0,12.07996858,0,0,0,4.441620748,0,81.98052508,74.90668645,50.36855873,11.97102083,0,0,0,0,11.8792548,13.4994842,339.8487948,0,0,14.43814247,26.46552909,0,792.1836428,10.8,32,-4.290079,55.707504,Sheltered,4.975,Low compliance and young closure,,,,,,Curieuse,34,0,Point count,154,Lagoon/Back reef
Seychelles,2005,Praslin NE Patch,43.47576489,0,3.61945758,0,0,1.848352413,0,0,0,17.26373338,0,65.67627577,55.47323273,126.657997,10.20767538,0,0,0,0,3.950833355,5.143734875,88.43726286,0,0,10.67703346,27.53500147,0,459.9663551,10.8,29,-4.303653,55.746546,Sheltered,8.191666667,Low compliance and young closure,,,,,,Curieuse,34,0,Point count,154,Slope
Seychelles,2008,Praslin NE Patch,65.66272981,0,5.539047055,0,0,3.888237581,0,0,0,12.69750693,0,44.06918798,44.64244978,18.34462864,11.67018912,0,0,0,0,5.530209829,2.212449126,110.454143,0,0,4.813973857,8.166888401,0,337.6916411,10.8,29,-4.303653,55.746546,Sheltered,8.191666667,Low compliance and young closure,,,,,,Curieuse,34,0,Point count,154,Slope
Seychelles,2011,Praslin NE Patch,38.95122324,0,10.40231274,2.8842928,0,6.750116654,0,0,0,45.1098935,0,17.28917336,72.77872095,23.6056236,12.57116287,0,0,0,0,0.660810673,18.93017169,127.9974374,0,0,3.328748248,8.891092979,0,390.1507807,10.8,32,-4.303653,55.746546,Sheltered,8.191666667,Low compliance and young closure,,,,,,Curieuse,34,0,Point count,154,Slope
Seychelles,2005,Ste Anne Coral,1.320156453,0,0,0,0,2.557216255,0,0,0,55.93221407,0,45.75219052,58.89037019,7.534476362,31.78727747,0,0,0,0,1.115648154,18.37148174,187.8250508,0,0,15.87717096,7.24302382,0,434.2062768,10,35,-4.609864,55.496361,Exposed,4.2125,Low compliance and young closure,,,,,,St. Anne,33,0,Point count,154,Lagoon/Back reef
Seychelles,2008,Ste Anne Coral,1.200766179,0,0,0,0,1.698400381,0,0,0,8.814441305,0,11.38189463,41.17140215,0.340381087,8.073264098,0,0,0,0,4.706350192,9.545748607,67.22607083,0,0,5.157030852,5.941022212,0,165.2567725,10,35,-4.609864,55.496361,Exposed,4.2125,Low compliance and young closure,,,,,,St. Anne,33,0,Point count,154,Lagoon/Back reef
Seychelles,2011,Ste Anne Coral,1.78378031,0,0,0,0,5.96414992,0,0,0,0.545372424,0,81.39907415,87.53813632,15.00273794,23.71976759,0,0,0,0,2.755419643,18.17077518,284.3236603,0,0,5.732143138,7.878613987,0,534.8136309,10,38,-4.609864,55.496361,Exposed,4.2125,Low compliance and young closure,,,,,,St. Anne,33,0,Point count,154,Lagoon/Back reef
Seychelles,2005,Ste Anne Granite,51.42635921,0,0,0,0,10.51542087,0,0,0,25.62280459,0,80.73458356,32.10591488,89.21121426,36.35593794,0,0,0,0,12.00841758,3.526154548,430.3504844,0,0,67.44905598,25.55692084,0,864.8632687,10,35,-4.605095,55.513525,Exposed,7.035416667,Low compliance and young closure,,,,,,St. Anne,33,0,Point count,154,Slope
Seychelles,2008,Ste Anne Granite,94.34335855,0,0,0,0,15.48271171,0,0,0,16.55947634,0,47.95105015,53.60496053,92.08195621,40.55688695,0,0,0,0,29.9789358,28.9656532,369.3160736,0,0,24.5444587,26.46097156,0,839.8464933,10,35,-4.605095,55.513525,Exposed,7.035416667,Low compliance and young closure,,,,,,St. Anne,33,0,Point count,154,Slope
Seychelles,2011,Ste Anne Granite,146.1468294,0,0,0,0,11.21007334,0,0,0,15.48375771,0,64.26594947,7.739959756,148.9384159,9.21073907,0,0,0,0,28.97461129,15.69316991,559.8117333,0,0,9.719907446,24.30902529,0,1041.504172,10,38,-4.605095,55.513525,Exposed,7.035416667,Low compliance and young closure,,,,,,St. Anne,33,0,Point count,154,Slope
Seychelles,2005,Ste Anne Patch,0,0,0,0,0,0,0,0,0,0,0,14.59060474,38.94509928,0.345931202,18.94193947,0,0,0,0,0.200753932,6.826996164,77.79181854,0,0,1.668977706,0.032716547,0,159.3448376,10,35,-4.618086,55.509399,Sheltered,7.1875,Low compliance and young closure,,,,,,St. Anne,33,0,Point count,154,Lagoon/Back reef
Seychelles,2008,Ste Anne Patch,0.550301457,0,0,0,0,1.967880103,0,0,0,0,0,79.10660208,31.63983571,8.240534881,6.658267245,0,0,0,0,3.597424553,9.478372875,108.1065744,0,0,1.794725167,10.33832369,0,261.4788422,10,35,-4.618086,55.509399,Sheltered,7.1875,Low compliance and young closure,,,,,,St. Anne,33,0,Point count,154,Lagoon/Back reef
Seychelles,2011,Ste Anne Patch,2.368025401,0,0,31.51456487,0,6.462705751,0,0,0,9.762901829,0,82.05505169,105.7276302,20.26502799,29.12002258,0,0,0,0,1.999131765,41.69477038,262.8154819,0,0,11.40746987,13.67853292,0,618.8713172,10,38,-4.618086,55.509399,Sheltered,7.1875,Low compliance and young closure,,,,,,St. Anne,33,0,Point count,154,Lagoon/Back reef
Tanzania,1996,Bongoyo1,27.7,,0,,0,6.23,0,,0,,,30.95,,15.545,0.29,,19.71,,,2.42,57.42,6.7,0,,,0,,166.965,7.3,21,-6.6965,39.2587,Sheltered,2,Low compliance and young closure,1975,36,8.2,2.3,2,Bongoyo,35,0,Belt transect,500,Slope
Tanzania,2005,Bongoyo1,9.835,,0,,0,15.915,0,,0,0,,16.575,0,0,0.04,,16.96,,,0,93.6,3.115,0,,,0,,156.04,7.3,30,-6.6965,39.2587,Sheltered,2,Low compliance and young closure,1975,60.7,17,1.9,2,Bongoyo,35,0,Belt transect,500,Slope
Tanzania,1996,Bongoyo2,9.175,,0,,0,7.345,0,,0,0,,35.555,0,0,0.29,,19.7,,,0,93.75,16.505,0,,,0,,182.32,7.3,21,-6.7,39.26,Sheltered,2,Low compliance and young closure,1975,28.8,11.2,7.8,2,Bongoyo,35,0,Belt transect,500,Channel
Tanzania,2005,Bongoyo2,1.79,,0,,0,37.745,0,,0,0,,22.195,0,0,0,,17.22,,,0,81.6,1.715,0,,,0,,162.265,7.3,30,-6.7,39.26,Sheltered,2,Low compliance and young closure,1975,73.3,12.6,4.8,2,Bongoyo,35,0,Belt transect,500,Channel
Tanzania,2013,ChristmasReef,240.2778443,34.23181716,24.51122692,0,0,74.80009212,23.84094844,0,0,0,65.55137366,87.80326581,0,20.41132111,23.29584645,0,72.98544015,1.2970125,0,13.80948184,33.31829464,63.3755723,0,0,28.97877373,0,0,808.4883111,1.4,15,-5.2438,39.59285,Exposed,9,Low compliance and young closure,1998,67.5,4.6,7.1,9,Misali,37,0,Belt transect,500,Slope
Tanzania,1997,Chumbe 1,23.76,0,4.26,0,0,45.74,7.11,1.47921946,0,28.89800139,9.040680354,49.705,0.95821284,2.503785766,32.33,0,27.09704126,0.475246983,0,16.195,68.47,554.91,0,0,11.62281195,6.385,0,890.94,0.3,3,-6.28,39.17,Exposed,2,High compliance closure,1994,,,,,Chumbe,7,0,Belt transect,500,Slope
Tanzania,2005,Chumbe 1,144.84,0,4.19,0,0,16.005,0,4.836213035,0,189.274765,29.55792386,44.185,6.276057216,16.39917778,7.15,0,88.59203632,1.553789493,0,73.03,148.8,265.135,0,0,38.00003729,0,0,1077.825,0.3,11,-6.28,39.17,Exposed,2,High compliance closure,1994,63.9,7.7,0,2,Chumbe,7,0,Belt transect,500,Slope
Tanzania,2012,Chumbe 1,195.11448,0,17.10305104,0,0,40.82750939,0,6.05548125,0,245.4119507,37.00983651,169.8288188,8.137479097,21.26302579,7.239920147,0,110.9271678,1.94551875,0,13.45459532,91.48973695,76.10478895,0,0,47.58030956,8.098639032,0,1097.592309,0.3,18,-6.28,39.17,Exposed,2,High compliance closure,1994,75.2,0,1,2,Chumbe,7,0,Belt transect,500,Slope
Tanzania,1997,Chumbe 2,155.235,0,8.52,0,0,75.475,0,2.383278896,0,44.62394868,67.45831103,65.635,0,20.12605132,0,0,33.54146888,1.263902654,0,47.74,113.82,317.155,0,0,138.6980385,0,0,1091.675,0.3,3,-6.28,39.17,Exposed,2,High compliance closure,1994,,,,,Chumbe,7,0,Belt transect,500,Crest
Tanzania,2005,Chumbe 2,63.49,0,22.685,0,0,13.585,0,1.774053871,0,39.44825981,50.21429847,41.455,0,17.79174019,0.04,0,24.96743994,0.940817879,0,20.935,113.76,179.115,0,0,103.2433898,0,0,693.445,0.3,11,-6.28,39.17,Exposed,2,High compliance closure,1994,59.2,5.8,0.1,2,Chumbe,7,0,Belt transect,500,Crest
Tanzania,2012,Chumbe 2,65.80683121,0,18.05608993,0,0,29.12916785,0,1.22285625,0,17.2749534,34.61274188,58.9136986,0,7.791255792,7.239920147,0,17.21006925,0.64850625,0,8.685807889,200.444951,39.68017999,0,0,71.16572197,0,0,577.8827514,0.3,18,-6.28,39.17,Exposed,2,High compliance closure,1994,64.3,0,4.3,2,Chumbe,7,0,Belt transect,500,Crest
Tanzania,2010,Dambwe leeward,55.145,0,3.135,0,0,9.275,0,0.67,0,18.355,1.835,165.62,1.355,1.23,8.69,0,1.16,0,0.68,5.175,104.13,54.265,0,0,0.805,269.76,2.835,704.12,5.5,12,-5.64455,39.0033,Sheltered,2,Low compliance and young closure,1998,48.4,22.1,21.1,2,Dambwe,41,0,Belt transect,500,Slope
Tanzania,2010,Dambwe windward,38.39,0,0,0,0,22.41,0,0,0,37.37,0,82.54,0,17.04,3.3,0,10.21,3.89,0,71.17,72.21,18.11,0,0,0,0,0,376.64,5.5,12,-5.6451,39.006,Exposed,6,Low compliance and young closure,1998,54.4,17.2,17.5,6,Dambwe,41,0,Belt transect,500,Slope
Tanzania,2007,Kitutia 1,248.41,35.62,8.2575,62.36,0,6.6125,0,0,0,0,5.2975,150.5475,5.56,1.7275,4.1425,0,8.1225,0,0.17,6.04,146.925,443.3775,0,0,42.885,0,0,1176.055,11,12,-8.063,39.4282,Sheltered,2,Low compliance and young closure,1995,4.5,53.5,11.1,2,Mafia,40,0,Belt transect,500,Slope
Tanzania,2007,Kitutia 2,471.1475,0,14.8825,44.36,0,21.27,8.6675,0.3725,0,238.3775,39.76,67.86,16.8625,202.6175,41.3875,6.2375,55.445,7.255,0.34,11.1325,195.5725,200.7125,0,0,308.145,26.635,3.52,1982.56,11,12,-8.11829927,39.64977471,Exposed,2,Low compliance and young closure,1995,24.6,41.3,8.2,2,Mafia,40,0,Belt transect,500,Slope
Tanzania,2004,Makome,44.57,0,101.58,4.923333492,0,7.12,0,0,0,4.595631718,5.603911945,45.865,0,13.16436828,0.46,0,12.00714156,0,0,7.765,46.08,48.34,0,1.995398104,14.31531615,0.59,21.93489875,380.91,1,4,-5.2797,39.114,Sheltered,,Low compliance and young closure,2000,40.1,6.3,0.6,2,Tanga-Makome,39,0,Belt transect,500,Slope
Tanzania,2010,Makome,129.095,0,1.045,8.5,0,2.01,0,0,0,8.305,9.675,84.945,0,23.79,10.55,0,20.73,0,0,4.09,57.145,60.7,0,3.445,24.715,0,37.87,486.61,1,10,-5.2797,39.114,Sheltered,12,Low compliance and young closure,2000,27,42.5,0.9,12,Tanga-Makome,39,0,Belt transect,500,Slope
Tanzania,2010,Maziwe North,172.825,0,7.735,0,0,16.685,5.415,0,0,0,4.595,102.63,1.35,2.84,6.85,3.315,1.7,13.62,0.34,23.165,129.295,198.7,0,0.75,5.285,0,0,697.095,2.6,29,-5.4979,39.0656,Sheltered,2,Low compliance and young closure,1981,50.6,5,42.2,2,Maziwe,38,0,Belt transect,500,Slope
Tanzania,2010,Maziwe South,135.835,1.945,13.375,10.945,0,33.375,0,0.67,0,14.535,1.835,98.97,6.415,3.455,31.95,0,69.54,0,1.77,26.16,87.115,142.38,0,0.75,13.685,0,0,694.705,2.6,29,-5.508,39.0625,Sheltered,1.5,Low compliance and young closure,1981,20.2,4.3,4.5,1.5,Maziwe,38,0,Belt transect,500,Lagoon/Back reef
Tanzania,2012,Mbudya 1,93.07034744,1.942865378,0.883802003,0,0,18.62155591,0,1.22285625,0,34.25593909,0.918527525,83.76198359,0,0,4.798454206,0,9.074049998,0,0.338742012,0,88.603524,6.574412679,0,0,1.607388904,0,0,345.674449,8.9,37,-6.66,39.25,Sheltered,2.5,Low compliance and young closure,1975,55.3,0.5,0.8,2.5,Mbudya,36,0,Belt transect,500,Slope
Tanzania,2012,Mbudya 2,34.54158885,0,0,0,0,25.66090685,0,0,0,0,0,56.10152132,0,1.227567242,1.098975758,0,12.10960361,0,0,0,23.55567605,28.31075941,0,0,0,0,0,182.6065991,8.9,37,-6.66104,39.2485,Sheltered,2.5,Low compliance and young closure,1975,67.7,0,0,2.5,Mbudya,36,0,Belt transect,500,Lagoon/Back reef
Tanzania,1996,Mbudya1,43.265,3.290325829,0,0,0,9.235,0,2.070959496,0,7.88,1.55556575,30.21,0,0,0,0,15.36729277,0,0.573674122,0,59.315,17.335,0,0,2.722182035,1.065,0,193.885,8.9,21,-6.66,39.25,Sheltered,2,Low compliance and young closure,1975,67.4,10.8,3.5,2,Mbudya,36,0,Belt transect,500,Lagoon/Back reef
Tanzania,2005,Mbudya1,29.545,15.3775783,0,0,0,27.27,0,9.678780599,0,66.86,7.270050252,22.83,0,0,10.94,0,71.82016617,0,2.681107946,7.3,73.89,39.875,0,0,12.72231674,0,0,398.06,8.9,30,-6.66,39.25,Sheltered,2,Low compliance and young closure,1975,75.3,8.6,2.4,2,Mbudya,36,0,Belt transect,500,Lagoon/Back reef
Tanzania,1996,Mbudya2,16.675,0,0,0,0,25.93,0,0,0,0,0,35.715,0,0.475,0.04,0,7.53,0,0,0,133.385,13.76,0,0,0,0.59,0,234.1,8.9,21,-11.1253,40.6881,Sheltered,2,Low compliance and young closure,1975,,,,,Mbudya,36,0,Belt transect,500,Lagoon/Back reef
Tanzania,2005,Mbudya2,12.93,0,0,0,0,19.37,0,0,0,0,0,18.025,0,6.37,0,0,28.28,0,0,1.21,55.68,57.165,0,0,0,0.07,0,199.1,8.9,30,-6.66,39.25,Sheltered,1,Low compliance and young closure,1975,70.9,7,0.3,1,Mbudya,36,0,Belt transect,500,Lagoon/Back reef
Tanzania,2004,Taa,181.355,0,28.34,0,0,2.34,7.11,0,0,25.54231285,9.704801496,46.675,0,36.50768715,7.18,0,10.3441542,3.712062716,1.297790564,40.555,27.61,75.145,0,6.574836018,1.536355006,0,0,511.53,1,4,-5.3031,39.0982,Sheltered,2,Low compliance and young closure,2000,12.4,14,4.5,2,Tanga-Makome,39,0,Belt transect,500,Crest
Tanzania,2010,Taa,164.43,0,8.78,0,0,1.935,0,0,0,10.75,5.085,212.07,0,15.365,27.235,0,5.42,1.945,0.68,15.775,80.95,41.24,0,3.445,0.805,100.62,0,696.53,1,10,-5.3031,39.0982,Sheltered,2,Low compliance and young closure,2000,23.1,10.8,6.3,2,Tanga-Makome,39,0,Belt transect,500,Crest
