"area_name","Larger","EEZ_lat","EEZ_long","Region","Rfishers_km2r","HDI","meanTgrav_nh2","Tourists_km2l","meanTTpop_h","meanTTmarket_h","mpa_perc","popgrow_prop","pop_n","median_totalcatch_t","mean_totalcatch_t","mean_tcatch_notindus_t","mean_tcatch_onlyreported_t","mean_tcatch_notindus_onlyrep_t","VoiceAccountability","CoralReefArea_km2","spatial_tonnes_fishingentity","spatial_tonnes_fishingentity_reported","mean_spatial_tonnes","mean_spatial_tonnes_reported","tonnes_2008","tonnes_2009","tonnes_2010","tonnes_2011","tonnes_2012","tonnes_2013","tonnes_2014"
"American Samoa","American Samoa",-13.85166919,-169.057621,"P",1.31,0.91,13.93,115.5,1.211166667,6.666666667,8.71,-0.03,55637,61.16834757,61.98933405,61.98933405,24.11815735,24.11815735,0.9882845,45.426853,63.1309351324922,24.1900852064131,45.4726728890523,27.3330199612606,46.2752804402326,44.5042052185304,41.4651692856319,43.7824712277802,44.7349443086628,48.1724250216084,49.3742087925875
"Anguilla (UK)","",18.460414,-63.163709,"C",9.97,0.9,42.22,116.96,0.185166667,0.561166667,20.24,0.24,13769,498.0394696,508.426405,508.426405,248.1510306,248.1510306,0.9882845,24.465644,416.116785893832,204.760023015727,9.55992853478529,6.78529947611969,8.24318194203079,9.26655917800963,9.29386728862301,9.50755225145258,10.1601740785409,10.3166796183214,10.1314864894375
"Antigua & Barbuda","Antigua",18.71902871,-60.54490741,"C",120.43,0.78,536,522.73,0.220333333,1.688,0.19,0.13,94661,1182.308043,1264.72966,1264.72966,1011.26373,1011.26373,0.495849,55.198742,1015.64508364416,810.246201380805,25.1617454031948,7.88851932436228,24.5228595447261,23.2401502321009,24.6018611055333,23.7274963287637,26.7577805989422,27.8127710933331,25.4692935154308
"Australia","Australia",-16.5442317,151.8933976,"P",0.91,0.93,6.74,0.75,4.890833333,15.16133333,40.65,0.15,22031750,11962.27226,12171.86889,7227.28482,5746.672553,2620.734341,1.419766,32404.482292,6626.38415145373,2401.73712789658,4242.80182255653,1705.15255616949,4065.77117046817,3993.97040017099,4085.17045142307,4175.04220088118,4492.60999018989,4557.94113018269,4329.10751243182
"Bahamas","",25.20652605,-75.56186808,"C",17.01,0.79,34.7,136.86,1.8075,7.753833333,0.57,0.21,360832,2476.688733,2432.50273,2286.167875,1015.177718,888.4690476,0.9882097,2236.357857,2262.31782783612,867.74907170768,428.868387818075,128.012196442651,409.668740307097,390.905167121848,411.94656783095,410.977304802451,459.597009208082,475.714861359273,443.269045623718
"Bahrain","",26.33315481,50.70362868,"I",284.61,0.81,1890.67,15685.04,0.7075,1.185166667,1.24,0.87,1240862,11005.39979,10882.23047,10882.23047,3195.607143,3195.607143,-0.9659101,216.73104,9363.90974673923,3163.32142857143,112.904888536811,50.1097195500899,85.5846518755707,101.000744906791,108.644748764127,130.058997030796,135.764038950552,135.670665457714,93.6103695152997
"Bangladesh","",20.95976297,90.74664456,"I",100455.19,0.55,462.5,2.33,0.195833333,4.2375,5.36,0.16,152149102,6788.204001,6907.750549,330.3294571,375.9084194,0,-0.2680953,4.553952,26.3076422732131,0,0.191333211958408,0.0599610470235348,0.186404056847095,0.176667578518391,0.187022045254707,0.180492538958788,0.203497283160686,0.211505107581615,0.193743839859962
"Barbados","",13.30195985,-57.99490786,"C",10.02,0.78,2386.77,1237.21,0.156333333,0.653833333,0.01,0.04,279569,488.6607749,471.6017324,466.0252995,56.43835732,50.86192436,1.136577,31.411343,461.539282391201,55.3503494669277,104.772235006094,32.8166795149446,102.178697615862,96.8164064884186,102.458136558533,98.7118263244629,111.410322874784,115.828653156757,106.001588612795
"Belize","Belize",17.22371044,-87.55465316,"C",10.21,0.7,115.58,10.61,0.824166667,2.0205,10.08,0.3,321608,1461.945357,1466.190757,1466.190757,95.07599232,95.07599232,0.6853012,897.964851,1289.31023857505,92.7993849035981,178.319898014102,61.0103831636225,162.117506077106,160.879944634478,165.945344556647,182.533248865249,195.461150322779,192.748406628903,188.55369568785
"Bermuda (UK)","",32.3335825,-64.76795219,"C",2.37,0.9,300.73,4640,0.496166667,0.749166667,0.03,0.05,65124,153.766381,178.5749221,178.5749221,100.9507792,100.9507792,0.9882845,530.439961,353.808836895765,198.634747059725,1.8896331214346,1.6859436333616,1.48621242148511,1.71397517753212,1.78855296356778,1.98683590809378,2.06164448201889,2.06131775247923,2.12889304915007
"Brazil (mainland)","Brazil",-32.988421,-39.691991,"C",328.6,0.72,1261.57,0.62,0.572333333,5.2275,1.68,0.12,196796269,46241.20994,45363.92123,41485.62204,32534.74964,28865.03221,0.5713488,747.618389,5647.11888439121,3984.58928173825,0.453953708289191,0.393716943142863,0.369229104446276,0.417561997101075,0.434315509581211,0.473108995331131,0.489181818820725,0.48942639184861,0.504852210686295
"British Virgin Isl. (UK)","British Virgin Islands",20.37255018,-64.51569012,"C",3.13,0.9,161.92,2200,0.278,1.498666667,0.06,0.32,27224,2193.806578,2148.012833,2148.012833,760.2078764,760.2078764,1.289994,138.026263,1943.58784229424,678.933423911286,5.823864101347,5.01784070080981,4.76212837567874,5.27301787629148,5.35212960397183,6.06457459466895,6.33941242283151,6.37305444400477,6.60273110816888
"Brunei Darussalam","",6.18,113.27,"I",17.44,0.85,102,40.61,1.045666667,2.105333333,0.2,0.17,388662,138.9769983,134.044994,133.4393736,0.60562041,0,-0.6505712,63.152438,193.52575916521,69.1561254980788,1.89636809716467,0.212841303993628,0.288474317863802,0.287564619087789,0.294333511024888,2.86929501785198,3.11157259630272,3.17932976502925,3.24400735960808
"Cambodia","",10.22845126,102.5594223,"P",564.53,0.53,281.86,14.21,1.582166667,3.906,0.19,0.18,14308740,121738.9979,121458.6081,324.9753751,4037.591827,0,-0.9272553,47.762963,2766.57115813162,1855.27592868636,4.0657933606999,3.55592980736401,3.66347562519627,3.49948877118732,3.6244109201939,4.32623504975345,4.42046167585067,4.37127795931883,4.55520356656052
"Cayman Isl. (UK)","Cayman Islands",19.15113701,-81.13408109,"C",2.62,0.9,251.74,1200,0.291166667,4.086833333,0.08,0.33,55507,13.49503566,10.32185106,3.65,5.777033624,0,0.5776708,280.962949,36.574847094772,32.3059336431206,11.6938701259787,10.493110280775,9.19420812936733,10.7024630600354,11.1552830535802,12.2532638050616,12.7145914594876,12.7078488589032,13.1294327394571
"Chagos Archipelago (UK)","British Indian Ocean Territory",-6.341239,71.87003,"I",10.28,0.9,0,116.96,35.43566667,66.376,20.24,NA,2000,21.69,24.47871429,24.47871429,0,0,1.289994,194.537536,23.5395927817143,0,2.78814242582303,2.46819325227989,2.25337731017498,2.58832433767384,2.7017382925842,2.88973653170979,2.99455982120708,2.99347475107061,3.09578655991936
"China","",22.612024,116.787143,"P",229.08,0.7,479.79,5.93,8.9975,16.05866667,3.77,0.06,1337705000,1015.48017,126367.4108,45291.09077,128702.0287,31728.54468,-1.680548,1345.670643,341282.778419381,336150.065332582,117.365382441261,64.9838527611355,114.191561137806,117.972615085426,111.786478572496,108.047772068821,121.732279404794,123.02121727643,124.805754215748
"Christmas Isl. (Australia)","",-11.24353973,105.3652265,"I",NA,0.93,11.4,0.75,0.476666667,0.723333333,40.65,0.54,2167,10.592064,9.813871544,9.813871544,0,0,1.419766,5.066106,9.81387154285714,0,1.33018718101084,1.18978142121341,1.13996095617767,1.28652003244497,1.2400014748564,1.35881367931142,1.40205687028356,1.40957715862896,1.47438035369851
"Cocos (Keeling) Isl. (Australia)","",-12.03198595,96.85333805,"I",NA,0.93,1,0.75,0.503333333,1.22,40.65,NA,544,99.12709414,98.69266126,98.69266126,0,0,1.419766,115.860349,NA,NA,18.3680844083428,5.75576109066606,17.8994394913316,16.9634053558111,17.9564344659448,17.3222337588668,19.5347382649779,20.3048450946808,18.595495313406
"Colombia (Caribbean)","Colombia",12.69215393,-76.6072326,"C",5.01,0.7,330.05,1.27,1.133833333,3.712833333,2.06,0.14,45918097,3983.170887,3037.894678,1515.08972,1139.808426,824.0814921,-0.1323792,944.521965,1682.99882902504,392.925789597375,985.86113685423,342.271309010706,956.880862118844,924.231398545715,969.4486824294,931.987718828819,1039.29743349735,1076.98520448557,1002.19667177184
"Comoros Isl.","Comoro Islands",-11.39329721,43.48880351,"I",46.35,0.48,625.2,8.22,0.201833333,2.890166667,0.02,0.27,689692,12.94478688,16.73155813,16.72139634,9.010161784,9,-0.4222873,221.926985,18.5553972313452,9.99449915469294,228.555362541435,174.803065882184,178.949300660164,199.058570337779,199.701168972259,258.065530148351,253.086282492606,257.510100807622,253.516602389426
"Cook Islands","",-15.03807126,-161.3064453,"P",0.22,0.93,19.83,0.75,5.055166667,27.55083333,40.65,0.02,18545,287.0344953,279.5341487,279.5341487,279.5341487,279.5341487,-0.3573337,254.693498,329.112677301424,329.112677301424,1086.23545983029,340.305694731283,1059.18407327197,1003.65003366365,1062.18086554205,1023.58761807701,1155.08681843232,1200.84335498154,1099.1152873824
"Costa Rica","",6.67163601,-86.61098744,"C",23.67,0.75,184.67,41.13,2.376333333,4.44,0.83,0.16,4545280,1164.984364,501.7517085,594.8420966,238.1428571,238.1428571,1.03989,70.352654,1012.51910094685,476.025758103446,4.21983138956421,3.64265131072898,3.27007877247524,3.76187457275228,3.89705261282506,4.44387292765896,4.65008337477047,4.66159405461804,4.85426280388492
"Cuba","Cuba",21.65613401,-81.2575355,"C",105.22,0.78,214.3,23.55,0.7475,2.6705,4.32,0.02,11333051,6847.080664,6805.904376,6787.697298,3386.47678,3368.269703,-1.616888,5745.258873,4548.2650194231,2428.7009266001,442.58965785589,329.732429408003,404.153062211451,460.519978873082,448.54538916015,526.868840184397,495.0175681939,375.936763986247,387.086043757794
"Djibouti","",12.00726607,43.43502813,"I",0.84,0.45,2504.76,2.2,0.1785,0.908333333,0.54,0.19,851146,1161.790852,1227.518835,821.8934574,654.9649955,654.9649955,-1.265671,259.196117,773.150909146975,654.964995489,6.27460547204214,1.74271222192169,5.47705546269299,5.4300590305379,5.56841410657137,6.47709267942491,6.92856149468366,7.00927647820527,7.03177916068421
"Dominica","",15.49774357,-60.71986925,"C",117.64,0.72,611.93,102.67,0.112166667,0.861166667,0.01,0.03,71440,182.9443781,184.5463111,184.5463111,46.22471392,46.22471392,0.9825406,16.45348,172.455703507118,43.8488640161802,24.7600217461586,18.6153503656387,22.874204158783,25.2867562174797,23.6094821691513,23.6740526556969,25.6477766036987,26.4418022632599,25.7860758304596
"Dominican Republic","Dominican Republic",18.13257402,-69.94418188,"C",654.31,0.7,1028.17,85.39,0.192166667,1.241166667,9.08,0.16,9897985,20464.91683,21487.60816,19703.70314,4524.900216,2740.995203,0.0738616,352.46696,13314.7017522324,3448.71212539643,11.9770247613196,10.7495891600265,11.9309926300775,12.9270910299383,10.9562209521537,11.5283342188341,11.7456850783201,11.944448483584,12.8064006716013
"Easter Isl. (Chile)","",-26.813989,-107.488859,"P",NA,0.82,NA,3.767154608,NA,NA,12.59520309,0.102669512,16993354,0.79052,2.390285714,2.390285714,2.197571429,2.197571429,1.095609,33,NA,NA,NA,NA,NA,NA,NA,NA,NA,NA,NA
"Ecuador","",-0.9809767,-82.22356197,"P",101.32,0.71,0.51,4.22,1.523333333,5.8755,13.05,0.18,14934690,152.2021945,1300.136398,975.9594742,356.2883405,356.2883405,-0.2310853,201.667343,101.911951990458,0,18.3938973836784,14.9529280399111,16.3993734412461,15.0934744339575,17.5799271025344,18.4256379438093,19.5161794925771,20.7136845178666,21.0290038186249
"Egypt (Red Sea)","Egypt",25.31573096,35.04,"I",97.48,0.67,460.89,14.12,0.564333333,3.260833333,4.95,0.2,84107606,3509.696403,3314.53842,983.5341221,2213.148735,144.381371,-1.188054,2387.001683,5671.67318580466,2302.50861411994,137.745373983513,84.2209164131727,130.245195698763,139.287577498915,123.233541401299,139.212512498892,138.284052469378,148.213050929625,145.741681859612
"Eritrea","",15.805397,40.605205,"I",3.23,0.41,216.73,0.83,0.4725,4.2665,0,0.29,4390840,977.4530328,1028.443372,525.4831137,703.3207328,215.9240754,-2.198293,1641.091707,349.147660348985,158.86059522941,21.5122525057377,7.11124746409769,18.6867350520188,19.2072859538312,19.4566576606157,22.5179109211313,23.4309482579556,23.5581384711986,23.7280892368726
"Fiji","Fiji",-17.271296,176.382438,"P",1.43,0.71,26.69,34.59,1.163833333,13.53366667,0.92,0.06,859950,11360.43753,11573.47457,11573.47457,11314.89196,11314.89196,-1.106356,3429.207928,13263.4960318212,12961.2297847121,4193.72574493516,3524.7415548387,4925.8219027691,3073.83030501611,3176.8038120515,4202.27369967393,4338.63579701622,4334.29322847025,5304.42128547186
"French Polynesia","French Polynesia",-18.70826018,-143.9905467,"P",0.25,0.88,25.47,42.08,0.516666667,27.419,0,0.13,267820,4863.790869,4963.328838,4963.328838,2195.049313,2195.049313,1.202857,3016.244139,4406.53656728333,1922.72959518461,80.0460208394506,71.7994596416538,63.4909266199975,73.3932800254261,76.5277260520961,83.7172230154101,86.7596797713777,86.7201439981291,89.7131691987743
"Grenada","",12.21289702,-62.0155574,"C",52.6,0.74,117.47,323.53,0.170666667,1.604833333,0.04,0.03,104677,324.6846052,371.3946117,371.3884975,148.7152784,148.7091642,0.7911725,50.691204,482.870643048097,211.93630673791,9.47505976073444,8.35896691866219,7.49903101008385,8.61045083589852,9.00853234808892,9.93900077603757,10.3091285116971,10.3061999715865,10.653074610047
"Guadeloupe  (France)","",16.45,-61.17,"C",21.46058476,0.882,NA,139.9799473,NA,NA,26.16684852,0.032042757,450718,416.431517,415.9150965,415.9150965,0,0,NA,113.976391,415.91509649365,0,1.20203733851667,1.07764722959837,1.20200330781518,1.29944680980407,1.09877659118501,1.15575740707573,1.17738148011267,1.19720154488459,1.28369429963641
"Guam (USA)","Guam",12.976952,143.581362,"P",21.64,0.91,44.96,2216.67,0.955833333,3.755,0.01,0.03,159444,43.74848778,44.62776387,44.62776387,44.62776387,44.62776387,0.7674289,137.697181,47.1492032844184,47.1492032844184,256.068359602911,134.731948371145,267.902958859506,237.431297361437,249.923061800556,257.438275208052,262.301061480002,253.836168216155,263.645679146396
"Guatemala (Caribbean)","",15.98,-88.57,"C",NA,0.61,172.5,12.92,0.925,1.470833333,0.81,0.26,14630417,364.7601349,381.4510971,234.8491363,84.80003885,0,-0.3033077,62,47.6001585275378,11.5267727969004,NA,NA,NA,NA,NA,NA,NA,NA,NA
"Haiti","",17.82781246,-73.76256318,"C",286.83,0.47,1903.04,9.25,0.246166667,1.479666667,0,0.17,9999617,9967.210254,9833.725705,9814.309268,6219.855988,6203.043651,-0.7115129,327.33829,9604.90746189151,6124.96152621445,8.80263171543629,7.76597456150193,8.05198604863835,8.62289519737533,8.15938438579178,8.87399330040353,9.12862296723324,9.17911092282156,9.6024282567887
"Hawaii","Hawaii",23.944978,-165.638399,"P",0,0.91,385.64,6.56,28.2475,39.16,41.08,0.1,309338421,2473.01426,1456.437131,1016.46468,76.7520582,101.8140453,1.133606,3355.350476,NA,NA,3.04451576826978,2.48848242257372,2.85844476602506,2.74875152134337,2.78632804594235,3.17145935486769,3.23160743247718,3.19682165310951,3.31819743535016
"Honduras (Caribbean)","Honduras",16.99755389,-83.80201591,"C",0.62,0.61,53.73,7.71,2.924333333,4.333166667,4.18,0.26,8194778,1140.637189,1156.220497,710.7565565,450.3597579,264.8325079,-0.503611,12119.813237,748.299525405338,301.469015458293,34.4898149382207,28.7156142507738,28.3464625136403,31.5764645630552,32.2609909856983,35.5044758173754,37.2029455343145,37.4650800579111,39.0722823990509
"India","",16.29336813,84.10271898,"I",765.11,0.58,43.28,1.94,0.3315,8.866333333,0.17,0.17,1230980691,135667.1791,76756.722,41399.75683,16944.1737,4976.050086,0.4432724,2151.44976,19782.7788830688,12427.841214351,8.95672183918066,7.90511040782548,6.97028199001651,8.03099744492292,8.34984297654238,9.43776566080442,10.0214975637621,9.86275006436676,10.0239180287248
"Indonesia","Indonesia",-3.17903697,117.8492901,"P",35.16,0.66,225.17,3.87,0.585833333,12.383,2.88,0.15,242524123,161612.9283,243176.5628,34242.01853,123988.6102,30433.41678,-0.0377742,26384.662696,250705.194953549,230545.953418031,3515.91523807074,2631.69352154536,3035.51052813622,3185.132006319,3369.79122015964,3409.36015495267,3598.30924149316,3886.37248783172,4126.93106554892
"Iran","",26.52128877,54.98789504,"I",255.24,0.75,360.78,1.8,0.275333333,5.443833333,0.8,0.13,74567511,55007.65102,23398.14551,29225.77969,18716.24603,25600.79582,-1.606163,118.97365,22619.9294655424,18534.4718392156,0.079322525569296,0.0516984376590699,0.0787166801310377,0.0847131315094884,0.0724019110784866,0.0799197651031136,0.0794976623728871,0.0790709842985962,0.0809375536828156
"Israel (Red Sea)","Israel",22.65,36.94,"I",614.68,0.88,NA,129.53,NA,NA,0.03,0.21,7623600,46.58484,47.23842381,47.23842381,11,11,0.5838454,1.25,47.2384238094286,11,0.16814211755991,0.0415399856865406,0.144141379743814,0.142895855009556,0.146759245544672,0.174614980816841,0.187350690364838,0.190023146569729,0.19120954349637
"Jamaica","Jamaica",16.70498732,-77.28930404,"C",138.21,0.72,353.9,177.47,1.357833333,2.1315,0.75,0.06,2817210,14144.0243,13467.46021,13467.46021,5527.590772,5527.590772,0.4628276,439.426651,13489.0662814586,5355.45012898094,226.83023571223,155.842572774738,216.927619831637,250.126188570634,246.469594448805,292.049308534712,263.090945005417,155.973438069224,163.1745913513
"Japan","",29.507561,138.4766658,"P",5.46,0.88,601.58,23.62,1.119,8.968666667,0.49,0.01,128070000,12138,3467.999999,2583.714286,2741.571429,1926.571429,1.040693,1107.561826,1008.52807815704,858.397078961081,95.2566247095019,60.5007600408544,89.2135227085008,101.584412529722,95.7060284858625,101.481575201175,95.1232281234043,92.8699936915473,90.8176087557949
"Jordan","",29.45316,34.94416,"I",1.95,0.74,332,47.39,0.566666667,2.7,35.22,0.41,7182390,71.4777,76.66461949,76.66461949,23.04878571,23.04878571,-0.7993262,4.262026,70.9162298571429,24,0.414218948804773,0.100461245252518,0.357658543050206,0.354300803306728,0.364246468991041,0.427719361148775,0.462391706183553,0.466406411374919,0.466809229110368
"Kenya","Kenya",-3.54293252,41.75979042,"I",5.64,0.53,1327.63,2.58,0.272166667,3.466,0.8,0.31,41350152,4734.174976,4708.868645,4108.290523,2554.873283,2554.843286,-0.2189553,985.966028,5512.87054911962,2471.89942422903,105.193743519614,61.895240504309,117.127771767708,118.455412518715,106.311186410224,101.765965889354,98.1321643955589,97.4935563313138,97.0701391204484
"Kiribati","Kiribati",-0.27350525,172.8544785,"P",4.38,0.59,1.57,5.8,1.4385,94.21866667,11.81,0.22,102652,181.4379783,103.2995295,75.41693634,36.41161755,57.95344318,0.6353967,1973.21972,2257.28474160296,1220.58033495294,8.2667599003762,7.36291959974915,7.76788816042244,7.94070636760443,7.42903420235962,8.4427967229858,8.5907393945381,8.60109197162092,9.09506367519498
"Kuwait","",29.21082975,48.62988399,"I",77.59,0.79,2065.4,11.62,0.47,1.525,1.48,0.46,2998083,522.0624472,549.5327477,549.5327477,448.5714286,448.5714286,-0.5244356,73,234.242677058298,174.887283902778,0.727665993035771,0.208368049992714,0.659065786283463,0.654069255717332,0.664701721747406,0.735345263456111,0.785022478739847,0.799168107390869,0.796289218225866
"Madagascar","Madagascar",-21.4633789,50.07964807,"I",0.25,0.5,94.06,0.34,0.641833333,5.368833333,0.36,0.34,21151640,29584.0823,27767.74555,27087.78762,19691.19988,19682.50844,-0.8454349,13833.104709,21860.4240978292,13869.1443200712,444.639272090083,340.890989260014,525.486084103704,339.836080790037,328.853218566612,431.938239766529,441.291772253921,443.486909370628,601.582573292471
"Malaysia","",5.05162412,112.7659959,"I",10.91,0.77,192.7,74.8,2.314,8.95,1.41,0.21,28112289,370632.6268,105895.0362,12600.90687,29290.87648,9083.133067,-0.4999781,2279.827986,159064.458950652,66154.867064423,161.265371223204,113.567354199582,165.418469614717,163.545233620849,161.425060315618,162.964784083252,162.090350724098,159.346630585324,154.06706990294
"Maldives","Maldives",2.44690754,73.09013615,"I",0.05,0.66,27.8,2640,0.275666667,11.1905,0.05,0.3,364511,18029.26237,17496.33797,15472.46351,10676.1531,10676.07163,-0.0626937,2714.084461,17602.1001393326,10781.915268232,6.51742743034265,5.8506480887736,6.30738789515453,6.7591325873218,5.92079647266655,6.44487147621112,6.53501775878249,6.60019213167834,7.05459351075115
"Marshall Isl.","Marshall Islands",10.11552459,167.4911369,"P",0.24,0.74,8.18,25.56,1.053666667,21.6005,0.27,0.01,52425,2029.735674,2030.241254,2030.241254,1220.459429,1220.459429,1.112288,2005.142413,2227.53991993195,1242.48457142857,6.96169636957347,6.27018218673766,5.4876293707639,6.35166838299483,6.60968685895205,7.30457753874362,7.57846159115434,7.57746440172195,7.8223867835477
"Martinique (France)","",14.975115,-60.200546,"C",96.7,0.88,484.16,139.98,0.155333333,0.9255,26.17,0.02,394910,723.5187116,713.7471402,713.7471402,265.7238161,265.7238161,0.5465734,72.429821,695.795456736131,352.905366898778,25.8032380363657,19.4197984562497,24.3093670553062,25.8656582305703,25.8666129953417,29.9285510821501,28.6922497108826,22.5602598849218,23.3999657940949
"Mauritius","Mauritius",-16.77622338,60.09243508,"I",3.72,0.75,1082.87,460.59,7.022333333,16.0855,0,0.05,1250400,4406.15442,4930.408256,1142.685165,3409.480333,471.3866053,0.7896773,1708.910986,4313.88848737579,3242.34768094985,10.6867310070957,7.08511959417984,9.5427705815091,10.0071457239101,10.0724192459311,10.5588462375163,11.1911234951986,11.0600736351917,12.3747372464568
"Mayotte (France)","Mayotte",-13.181374,45.359802,"I",0.02,0.88,184.53,139.98,0.848,1.883833333,26.17,0.36,208718,711.5129424,841.3420395,810.4065787,802.0673126,802.0520908,1.202857,242.428994,893.106246608571,664.502000145429,82.9269702890888,70.1387718273036,75.2437616031093,74.2407257343875,75.2764098941116,86.3227433818683,89.2000448959298,88.8837328129157,91.3213800670928
"Mexico","Mexico",22.28735,-91.9483,"C",62.77,0.75,446.95,11.98,2.457333333,6.135,2.25,0.15,117318941,89461.3718,53270.86345,32385.88544,22751.8889,28060.03176,0.1785069,938.699222,18703.4763792661,13092.6619772936,22.5804024506779,20.0293974265587,17.8441173639148,20.5492141009586,21.37676271388,23.6527864923905,24.5816156799588,24.6178989265186,25.4404206238823
"Micronesia (Federated States of)","Federated States of Micronesia",6.77407027,150.326906,"P",0.07,0.64,3.93,63.86,3.293166667,31.78383333,0.02,-0.04,103616,7624.520646,7652.902236,7652.902236,5975.585531,5975.585531,1.050894,3192.407083,4640.33725367192,4640.33725367192,3.74714472997584,3.07386792401667,3.05580564335105,3.45689554713317,3.56230821058853,3.89465897981427,4.04059050133219,4.04231172791333,4.17744232312543
"Montserrat (UK)","",16.43813354,-62.46436223,"C",NA,0.9,19.75,116.96,0.333333333,0.454166667,20.24,0,4944,13.51203823,12.10126215,12.10126215,9.869125773,9.869125773,1.289994,2.43699,11.8493894203429,9.72495071407143,6.80533997900784,6.01931824535131,5.49644231796265,6.31724060885608,6.60083187557757,7.05489349365234,7.30815652385354,7.30461595952511,7.55519908107817
"Mozambique","Mozambique",-24.17994571,36.90613919,"I",0.03,0.4,106.57,2.18,0.528166667,4.431666667,2.23,0.34,24221405,15813.35599,16966.92492,16042.72333,15846.27019,15846.24966,-0.120655,6767.11808,8494.33964013994,7806.026032447,53.3377690689422,33.8147910494185,51.5696851213743,57.0373164774674,53.5329594441191,55.2370799384926,52.6907467976716,51.5328948774659,51.763697841754
"Mozambique Channel Isl. (France)","",-20.84378949,39.43711425,"I",NA,0.88,1,139.98,18.2375,22.5625,26.17,NA,NA,14.38774663,13.21153819,0,0.431984614,0,1.202857,658.292213,NA,NA,4.50868064803944,4.04872879465483,4.51134111711644,4.85429932038051,4.12263201342148,4.3379741168792,4.41991439287858,4.49501566609888,4.81958825431957
"Myanmar","",15.1553794,94.48384547,"I",316.53,0.53,96.16,1.21,0.348333333,7.039666667,0.05,0.09,50155896,125944.7081,126067.1568,29200.87688,48620.61222,9735.80996,-2.067405,613.52067,10089.4001965196,8751.65886201513,10.2717022723518,9.18458772778104,8.11980357470748,9.35716655448778,9.74964898230974,10.7737044075475,11.179964977302,11.1793026047962,11.5423256523645
"Nauru","",-0.58104165,166.123734,"P",0.99,NA,15.5,NA,0.191666667,0.316666667,0,0,10025,31.23170198,31.08897054,31.08897054,20.1616673,20.1616673,1.066605,5.955291,26.6635987005894,20.161667301062,0.281242854893208,0.254037909209728,0.277030624449253,0.305657245218754,0.25759083032608,0.272288203239441,0.275488682091236,0.279721662402153,0.300922684371471
"Netherlands Antilles","Netherlands Antilles",12.31,-68.64,"C",0.24,0.91,94.82,322.65,0.1925,2.984833333,21.49,0.45,20940,70.57255212,68.3706363,66.87463212,28.34511268,37.27259641,1.450569,422.706869,256.496179071968,142.775885328122,86.8075985165997,77.3602001780455,94.1789296501447,86.1133495623071,86.3875552118989,87.2057454101159,85.3562075582595,82.6318626565844,85.7795414454959
"New Caledonia (France)","New Caledonia",-21.57855027,164.3386023,"P",1.08,0.88,9.66,5.42,7.769833333,16.14983333,96.34,0.17,249750,3406.245293,3604.058811,3574.288811,162.6897249,132.9197249,1.202857,4597.982369,3418.60560804798,162.689724899999,62.3088398770778,55.2496097274125,51.2004983073566,57.6874924686854,59.7209593405132,64.5620715596597,66.8690334522398,66.8813090569456,69.2405112384004
"Nicaragua (Caribbean)","Nicaragua",13.632711,-82.340787,"C",18.64,0.62,20.6,8.4,2.751166667,6.228333333,2.93,0.14,5737723,5075.965523,5144.954323,2773.717589,1308.193714,1114.907514,-0.4776356,467.449035,9929.27173775719,2553.77148346275,36.9427071205957,32.2902472194211,34.2202918646226,32.6873315619632,33.3665069877657,38.8094041586962,39.5220623173822,39.1030010400267,40.8903550019317
"Niue (New Zealand)","",-19.50786138,-169.3366566,"P",1.09,0.9,6.89,9.25,1.174,1.372166667,30.34,-0.14,1630,13.91773637,12.73475107,12.73475107,1.525605491,1.525605491,-0.3573337,15.463474,28.1311134055222,3.36773515639428,3.28934051655233,2.8997224457562,3.05111813358963,3.06694451160729,2.95574212819338,3.39666821993887,3.46501661464572,3.455596357584,3.63429792039096
"Northern Marianas (USA)","Northern Mariana Islands",18.318329,146.028419,"P",7.53,0.91,15.97,823.91,2.108666667,4.793166667,33.23,-0.21,54424,50.15102038,47.5566776,47.5566776,16.41231934,16.41231934,1.133606,81.875725,69.6839454010723,23.3076060288392,20.1179342958675,6.22094731596917,18.0778877830747,17.952071898236,18.3107229392938,20.4835631726894,21.8301226336337,22.0794991466212,22.0916719337986
"Oman","Oman",19.09017422,58.75597207,"I",51.75,0.8,141.7,4.66,0.5435,13.67383333,0.12,0.34,3041460,17441.89435,7606.65285,9710.307078,6832.415599,6498.714098,-1.044803,304.486721,6271.72001186921,4686.93277400097,23.2924986964099,16.2769977143494,23.3416684641831,29.619204528858,23.5676432946447,22.3456962729341,20.6981997343049,22.8546842909755,20.6203916604312
"Pakistan","",23.55092443,64.70231685,"I",NA,0.53,NA,1.18,NA,NA,0.77,0.23,170560182,84985.6642,85301.65937,58761.53291,30726.85571,12291.12629,-0.7986631,50,318.891378882089,0,NA,NA,NA,NA,NA,NA,NA,NA,NA
"Palau","Palau",6.38358429,133.0760627,"P",0.27,0.77,3.42,184.78,0.954666667,7.576833333,82.99,0.07,20470,2054.407149,2067.852387,2067.852387,835.7245688,835.7245688,1.192971,509.703208,2079.04041907698,835.723438772226,216.244649520126,85.0433097412147,229.39404383572,219.604129222306,226.200490373917,216.581375415783,213.404223337002,206.10615375929,202.422137823931
"Panama","Panama",10.391099,-79.444357,"C",3.98,0.76,71.97,17.81,0.404666667,3.463666667,1.68,0.2,3643222,8412.783977,4104.983848,2543.007143,1868.571429,1868.571429,0.5371985,634.628865,5106.55784871769,2382.86551865594,7.71504302283574,6.60434787956183,7.45810519826773,8.11951759856311,7.12481752295571,7.4483721175493,7.6939555874269,7.8042089616938,8.35632349256775
"Papua New Guinea","Papua New Guinea",-5.47163182,150.7177012,"P",0.82,0.49,26.07,0.31,0.871333333,7.489,0.19,0.28,7108239,15769.84364,15665.00525,15586.65395,1424.03985,1424.03985,-0.0305316,7771.908608,12301.9343963997,1213.59985037931,120.958185488115,33.7950201422366,113.631137921153,116.895105309206,116.990448178504,121.884257350533,123.748683023396,126.403724706401,127.153946371305
"Philippines","Philippines",18.34323473,124.0969886,"P",43.56,0.67,523.04,11.81,1.406,14.06833333,1.16,0.2,93726624,75742.79563,71536.84515,39142.93565,32382.44336,0,-0.0391025,14939.316364,73704.043849764,23866.0719701811,439.07457803275,328.57286158697,474.158770322482,456.81096066691,437.965250093911,435.432460547845,422.433338539222,417.181228984604,429.540056274714
"Pitcairn (UK)","",-24.59914125,-127.4242258,"P",NA,0.9,0,116.96,9.237,9.251833333,20.24,NA,50,0.4,0.4,0.4,0.4,0.4,1.289994,39.579696,NA,NA,6.92390024871565,6.12580279749818,5.58786410070024,6.43127078237012,6.71951874648221,7.17567747272551,7.43481542170048,7.43148457352072,7.68666904466227
"PRIA","PRIA",-1.110215,-176.967953,"P",0,0.91,0,6.56,32.08333333,87.8945,41.08,0,0,0.148543074,0.042440878,0.06285292,0,0,1.133606,174.305987,NA,NA,2.63891499275906,0.634706325210345,2.49612350964617,2.63319751891686,2.37032288328646,2.82311844972446,2.72019342329713,2.76719338761359,2.6622565798607
"Puerto Rico (USA)","Puerto Rico",16.877383,-66.43622,"C",1005.68,0.91,1363.38,359.19,0.271666667,1.187666667,1.75,-0.02,3721525,704.8579988,712.4077939,712.4077939,492.5659531,492.5659531,0.8381408,158.9997,600.936962130515,411.400488027994,38.425137429731,9.27353689554729,32.9362294921721,32.6417885969986,33.538227966681,39.8950319939177,42.8242774128448,43.4251462371321,43.7152585071744
"Qatar","",25.85023576,25.85023576,"I",24.42,0.83,289.08,146.38,1.428833333,2.3465,0.18,2,1779676,16854.05354,16915.09132,16915.09132,16350.85714,16350.85714,-1.012166,268.048426,6251.33078565299,6038.42016680808,7.62038194703928,0.567707653011894,9.03100576254656,11.9297556567617,12.5609623815981,6.42368752989569,3.84651905983628,4.9169686331079,4.6337751702813
"RÃ©union (France)","Reunion",-21.74209092,54.70225457,"I",87.46,0.88,344,139.98,4.598166667,7.288833333,26.17,0.13,830519,53.60354755,64.73352374,63.69551476,24.20001435,23.16200536,1.20914,12.183592,59.7980342848891,34.5611230805744,10.0922068357468,9.05165326595306,7.921959400177,9.17227375507355,9.55174612998962,10.5989882946014,11.0144733190536,11.0162317156792,11.3697757720947
"Saint Kitts & Nevis","",17.02489228,-62.85774593,"C",93.2,0.74,103.44,376.92,0.192666667,0.742666667,0.17,0.13,51445,425.8934792,412.1842544,412.1842544,103.6293735,103.6293735,1.165698,42.05309,380.135472545722,89.7532365066889,33.6408027536236,30.3778770845383,33.1480280733667,36.3570396378636,30.7392097418196,32.6255342713557,33.0217740009539,33.5304695405066,36.063573539257
"Saint Lucia","St Lucia",13.875941,-61.102578,"C",25.57,0.73,375.42,501.64,0.125,1.376333333,0.22,0.1,172580,177.2322658,179.9288391,179.9288391,178.085338,178.085338,1.202204,29.651474,180.492804566571,178.846821527714,1.08792821958195,0.982247031410225,1.08596084662713,1.17912447010167,0.991392530733719,1.05041180830449,1.06467899947893,1.08144480967894,1.16248378891032
"Saint Vincent & the Grenadines","",13.15185205,-61.69325445,"C",0.43,0.71,30.15,184.62,0.224333333,1.894833333,0.22,0.01,109315,391.4420126,442.5618384,312.3461908,325.5333696,253.1087574,1.13385,40.646402,303.592518674517,246.141445919677,25.8442582041025,23.2118456363678,20.4744752645493,23.6133490055799,24.5597569942474,27.0676648914814,28.0983848273754,28.0993177443743,28.9968633204699
"Samoa","Samoa",-13.27920631,-172.7613151,"P",9.5,0.69,138.81,43.11,0.143833333,1.695,0.09,0.07,186205,3416.159046,3453.44903,3453.44903,2594.075788,2594.075788,0.4342228,201.190184,3348.2010912081,3009.7405551642,4.75410907906917,2.26448612934837,4.36327745471499,4.46786601722124,4.18722014559899,5.1659732543776,5.02786693580856,5.07884323396138,4.98771622124332
"Saudi Arabia","",21.59112414,38.60696575,"I",2.21,0.8,456.41,5.05,0.8575,5.039833333,1.53,0.32,27425676,30545.95381,17515.26489,12635.42101,12790.2004,9067.218701,-1.788064,4931.41801,28918.3392721617,20805.8368313259,106.91623235826,38.4977319260433,103.32348283341,106.552864060282,104.923772017224,109.359078280489,108.425705927788,107.887905793832,107.940818501174
"Seychelles","Seychelles",-6.54178492,52.48150626,"I",0.05,0.74,32.53,380.43,4.427333333,13.7835,0.04,0.11,89770,1703.15,1872.361215,1872.287899,1597.35903,1597.285714,0.1016565,2283.817561,3688.44802931375,2654.66833859284,12.4959384992076,5.16679934925696,13.2058927258363,14.0982358920305,13.1217718188373,14.813702878756,13.5663230615819,9.22799327267967,9.43764933737566
"Singapore","",1.30216572,103.9771322,"I",NA,0.91,7882.33,13049.86,0.135166667,0.666666667,0,0.26,5076732,486.5707071,490.4227553,490.4227553,169.1695214,169.1695214,-0.2089662,3.876426,372.555212303817,136.08836251284,1.23221285175532,1.08933702344075,0.971608756342903,1.11801683437079,1.16864238353446,1.29423470888287,1.34285432426259,1.3425983232446,1.38753451080993
"Solomon Isl.","Solomon Islands",-10.04458677,163.6553905,"P",0.55,0.5,12.52,0.73,0.713333333,12.76233333,0.12,0.28,527790,15370.66301,15391.32944,15391.32944,7622.368713,7622.368713,0.065894,2975.522975,15188.9545305155,7549.92530980425,26.9576797168847,21.0307178700277,31.7660286675891,21.9918587506763,25.4646289779485,28.9983280998858,30.3835627660228,23.53785484931,26.5614930465272
"Somalia","",4.91153157,48.41362865,"I",7.28,NA,1680.36,NA,0.202,1.618166667,0,0.34,12053223,32896.08332,33100.78123,5064.168161,8769.521099,1205.294906,-2.010569,508.030786,1142.96430605018,464.23729228791,0.360750633437419,0.0990967285906663,0.418050945794675,0.427862185460981,0.344474744575564,0.33623314005672,0.330778962525073,0.329726192489034,0.338128267409047
"South Africa (Indian Ocean Coast)","",-26.8471,36.533,"I",NA,0.64,229.67,6.66,0.2555,2.433333333,12.08,0.13,51584663,1131.037186,1143.485733,1076.619942,66.86579097,0,0.6020697,1.404362,59.3799822425714,24.6074952890247,0,0,0,0,0,0,0,0,0
"Sri Lanka","",7.89873952,83.37163062,"I",106.17,0.75,2742.56,10.43,0.223166667,2.443833333,0.07,0.08,20198353,20794.50124,23224.13277,14657.77374,8566.359035,0,-0.5052291,122.547481,8652.09578760761,0,68.4393372857157,46.3755954594817,64.5156635490275,70.076618629595,66.8777997389698,71.5001956215274,69.3042177376483,68.8944992092875,67.9063603512041
"St Barthelemy (France)","",18.147784,-62.399177,"C",NA,NA,NA,NA,NA,NA,NA,NA,NA,147.7106227,116.0583464,116.0583464,23.21166928,23.21166928,NA,10.771608,116.058346415576,23.2116692831152,2.73915215703892,2.45789692350081,2.71941214270191,2.96246608457295,2.50638894370059,2.63682599976892,2.6867622382124,2.73248295421945,2.92972648271825
"St Martin (France)","",17.3683,-63.39418,"C",NA,0.88,148,NA,0.116666667,0.933333333,96.57,0.07,30235,160.5494506,244.6467818,244.6467818,48.92935636,48.92935636,1.202857,6.980529,202.574568288932,40.5149136577864,0.740575168965734,0.66402937033854,0.593582736924873,0.68414686624601,0.699134950787993,0.772629291343037,0.801315543765668,0.802313305510324,0.830903477050015
"Sudan","",19.787633,38.163147,"I",0.03,0.46,65.04,0.21,0.761833333,4.598333333,15.96,0.26,34385963,1026.277559,1040.684929,1024.937043,943.5299342,929.7419455,-1.72559,1259.474662,871.033192751135,786.877745166406,7.64742679987103,4.82199191255495,10.6369925262406,6.51999072544277,7.40739971771836,8.14106474351138,8.16684973984957,6.00313511304557,6.65655419230461
"Taiwan","",21.57382495,118.86224,"P",50.91,NA,372.6,NA,1.999166667,5.7585,NA,0.06,23102406,1352.498704,1230.106262,304.8663591,696.9106181,139.3359498,0.8312752,377.013672,1244.42627362119,225.971072146409,1.36082654539496,1.28288379870355,0.520394302962814,0.588856600923464,0.608482965850271,1.57994407287333,2.11492448172066,2.13642245670781,1.97676092758775
"Tanzania","Tanzania",-7.21340065,41.1640054,"I",4.52,0.5,905.26,0.85,0.380333333,2.627166667,2.5,0.35,46098591,29076.38559,30150.42078,29877.62742,24278.87051,24278.86438,-0.1308912,5362.472549,28547.1648706147,22800.1682846273,18.0751265604495,8.16507891937135,20.3457669021618,20.6278648465295,18.4719147208452,18.0611955964914,16.7196247514994,16.1926713835046,16.1068463540032
"Thailand","",9.01350012,96.94251638,"P",792.49,0.72,235.47,31.19,0.305166667,2.330166667,1.88,0.07,67208808,155533.5059,121117.1368,45193.92486,83727.79695,12047.34448,-0.495822,185.496398,17559.8152584444,4591.80031474102,88.4238462169305,77.0612594718696,79.0641880049952,77.8538981839083,80.4701762387413,93.248388859327,95.4712118152529,94.526973130065,98.332084524096
"Timor Leste","",-9.12502487,126.4721731,"I",3.04,0.61,109.57,2.69,0.154,2.7035,1.37,0.27,1109591,2059.366802,2062.360441,2062.360441,1048.4317,1048.4317,0.0616594,37.130507,1474.05483865308,800.466633496904,48.7278443223186,17.6187332603804,46.7651493947578,49.7667828035555,48.8266287060706,50.3428549686359,49.379540173104,49.4864809121191,46.5274792776891
"Tokelau (New Zealand)","",-8.6364479,-172.0796131,"P",0.13,0.9,0.71,9.25,0.385666667,30.0155,30.34,-0.27,1140,15.365113,15.18501141,15.18501141,1.826636362,1.826636362,1.507506,97.189844,NA,NA,1.95500825066119,1.72362357284874,1.86685097403824,1.89961578417569,1.78412031009793,1.98050281498581,2.01553648151457,2.01309512648731,2.12533638067544
"Tonga","Tonga",-20.19900336,-174.760148,"P",0.71,0.71,26.23,65.42,0.6555,9.031166667,1.51,0.06,104137,1593.374049,1593.234713,1593.234713,578.3919907,578.3919907,0.2928134,997.213436,2505.53985068641,578.8146732974,19.251475063269,17.1185422275448,15.2023699816782,17.549763415358,18.3363159402506,20.1751405170653,20.9350125673227,20.931501252111,21.6302193870069
"Trinidad & Tobago","",10.93052729,-59.91838772,"C",347.34,0.77,91.67,75.63,0.2755,4.458833333,0.05,0.05,1328100,3195.813583,3143.370608,2774.680552,2354.888454,2352.803114,0.5233462,32.225446,1084.59640290531,900.454261131265,9.34337858256185,6.58916483158828,8.37787515413947,9.56070240348345,9.24418203317327,9.91201975621516,9.56137199676596,9.40104849316413,9.34645006444771
"Turks & Caicos Isl. (UK)","Turks and Caicos Islands",22.56548973,-70.30295288,"C",3.88,0.9,42.21,295.79,0.547166667,4.1035,0.1,0.64,30994,778.1196029,772.9120238,772.9120238,0,0,1.289994,192.564277,677.176735087864,0,5.40196887441562,4.76069149028626,4.25137191572139,4.91460597112018,5.11792460308061,5.66644999105483,5.88784440922609,5.89210489137622,6.08348045221646
"Tuvalu","",-7.001415,-176.366477,"P",0.36,NA,2.72,56.67,5.167666667,15.2005,0.01,0.12,10531,122.2957462,122.274449,122.274449,90.30315386,90.30315386,0.7213817,1167.541601,25.1102923078024,17.8364571095848,5.26112686097622,4.69788937829435,4.14962752908468,4.78063718788326,4.98107226192951,5.526152882725,5.7349583171308,5.73460958153009,5.92082952708006
"United Arab Emirates","United Arab Emirates",24.98509283,53.98043428,"I",138.57,0.82,264.1,NA,0.881666667,3.8135,4.27,1.62,8270684,26551.31283,11777.29549,11777.29064,13302.04023,10347.23412,-0.9035128,128.166622,8783.11061815402,7660.38178888319,9.72332651614852,5.34501381924201,6.44527809067222,5.72569633087551,6.09743568520935,8.81309433678689,12.41904136636,14.8488523888373,13.7138897993573
"US Virgin Isl.","US Virgin Islands",18.03217,-64.79305,"C",9.09,0.91,1050.5,1634.29,0.2575,2.718166667,0.85,0,108358,250.01904,227.2026529,227.2026529,227.2026529,227.2026529,0.7674289,34.170728,197.454809285714,197.454809285714,29.5853382850019,15.7565240247459,24.5157949483146,26.0479359325836,26.9273749997265,30.8024006368141,32.5416666892934,32.817111994018,33.4450852843584
"USA (Gulf of Mexico)","Florida",26.75,-83.58,"C",0,0.91,1423.82,6.56,0.819,4.228833333,41.08,0.1,309338421,17184.87284,18750.78744,16553.26457,6161.812165,6102.869246,1.133606,763.872186,5970.87663106875,770.402341347191,38.763751002145,30.5177750527218,34.5511000753045,39.2378349537184,38.5613193034533,38.9547256141086,39.4883543696487,40.7199669233523,39.8329539662809
"Vanuatu","",-16.60268861,168.476874,"P",0.02,0.59,22.98,7.97,0.261333333,12.72766667,0.01,0.28,236295,1486.440407,1497.883388,1497.883388,910.8648783,910.8648783,0.4961333,710.960678,1724.90628642276,1014.86712443321,0.555336400277156,0.138604880665298,0.500527893287654,0.535403405854595,0.476091869466472,0.623720666917507,0.585328401961306,0.601624082228227,0.564658487281122
"Venezuela","Venezuela",12.81627045,-65.94575349,"C",73.61,0.76,366.28,0.6,2.115,4.364333333,3.49,0.19,29028033,13145.19909,14164.51839,13928.64716,9530.945305,9510.284147,-0.8705474,424.293577,5637.75888369042,2701.96027116944,1.33062956811045,0.699685759478598,1.33386876535951,1.27793264319189,1.27223951229826,1.17493537694099,1.36540591149242,1.39837899198756,1.49164570341236
"Viet Nam","",8.593415,107.374242,"I",709.84,0.66,487.47,16.29,4.6815,7.0765,0.56,0.1,88472512,49987.54395,53276.49928,15450.92394,38996.01572,13300.17838,-1.496983,492.58408,10808.9364700318,7030.17673964339,151.853896747908,108.574550445316,130.546768876395,138.856512040398,142.656255648471,154.049918972604,160.987192761765,163.047207153555,172.833429703104
"Wallis & Futuna Isl. (France)","Wallis and Futuna",-12.79979,-176.918196,"P",0.04,0.88,2.27,139.98,6.016166667,8.112166667,26.17,-0.07,13428,568.5205275,574.9260232,574.9260232,523.9140996,523.9140996,1.202857,426.26358,572.470960093013,521.676947581842,7.50336373827304,6.66574243701325,5.93142235765117,6.8317558171475,7.13518657653913,7.86487166056031,8.16364308301127,8.1632690598708,8.43339743990509
"Yemen","",12.94171403,52.17961914,"I",28.05,0.49,259.26,1.94,0.5995,3.101333333,0.47,0.32,23606779,13538.15745,7828.820488,4531.923662,6085.315184,5569.078471,-1.331269,692.025975,6671.06244290655,5811.92530968991,15.7604401088902,4.32581942471006,14.3090222554747,14.1916101868264,14.626694378625,15.8628396516287,16.8708522074667,17.1260113086319,17.3360465316437
